country,1970,1971,1972,1973,1974,1975,1976,1977,1978,1979,1980,1981,1982,1983,1984,1985,1986,1987,1988,1989,1990,1991,1992,1993,1994,1995,1996,1997,1998,1999,2000,2001,2002,2003,2004,2005,2006,2007,2008,2009,2010,2011,2012,2013,2014,2015,2016,2017,2018,2019,2020
Afghanistan,,,,,1450000,,,,,,,,,,,,,,,,,,,1980000,,,,,,,,,,,,,,,,,,,,,,,,,,,
Albania,,,,,,,,,,,,,,,,,,,,,,,,,,,,,,8860,12600,16300,,21000,22200,,,,23100,32800,29700,24900,16500,9110,4530,3930,3990,3630,4090,3360,
Algeria,,,,866000,781000,731000,689000,659000,645000,662000,646000,657000,689000,736000,723000,733000,711000,679000,652000,623000,615000,550000,510000,540000,548000,542000,566000,592000,,463000,426000,329000,272000,246000,207000,187000,169000,153000,98600,29000,31000,26300,24800,,,23200,26200,19700,14200,16400,
Angola,,,,,,,,,,,,,603000,651000,,,,,,,,,,,,,,,1030000,,,,,,,,,,656000,728000,731000,774000,,,,,,,,,
Antigua and Barbuda,,,,,,,,,,,,,,,,,,,,,,,,,,,,,,,,,,,,,,91,66,196,368,170,431,,534,117,,235,66,,
Argentina,156000,,,,113000,124000,,,,,,,,,,,,208000,,,,177000,,,,,,0,11100,6970,18300,15600,14000,14400,27200,18700,11200,5380,7670,8720,25500,24000,24400,17500,4210,2420,19500,18700,,,
Armenia,,,,,,,,,,,,,,,,,,,,,,,,,,,,,,,,,21000,22100,,14900,9440,3290,,,,6730,5020,4870,8640,10600,11800,12400,11400,14900,
Australia,,52400,,73700,83100,41100,25500,346,241,354,709,1460,14100,29000,55800,53700,42900,34700,25200,23800,30100,39500,43600,50300,55200,90600,83700,92000,94200,102000,104000,32300,31400,47800,40000,25500,21600,18600,16900,13000,9670,44900,39600,1210,1740,1860,955,7030,9610,,
Austria,,46600,51200,58500,62900,63700,65500,,,,,,,,,,,,,19500,,,,,,,,,,429,1020,4840,13000,14500,12800,10100,9370,8870,9670,8420,7640,9350,5420,3320,2100,1510,663,149,143,,
Azerbaijan,,,,,,,,,,,,,,,,,,,,,,17400,18100,42500,85300,81300,47900,74200,85200,34800,61200,79100,79900,88700,78100,77400,73300,71300,70400,61700,64100,50000,38500,8540,3640,5980,4340,12200,24800,55700,
Bahamas,,0,29,1170,206,0,352,,,,877,0,,,1290,,,,,,,,4050,3960,2610,,,,,3120,,,,,3890,3450,5040,4800,5280,6820,7390,4370,6350,8730,8420,6980,8400,,8530,,
Bahrain,,8600,7500,7140,6680,5610,7130,7410,8520,8460,7850,8150,9010,7990,6540,4470,1970,2340,933,526,,352,1850,1270,1360,595,96,270,40,184,1390,3920,4220,5430,5990,8180,7020,,,,,7480,6850,5700,3780,1410,1350,585,1190,2770,
Bangladesh,4540000,,,2840000,,,2480000,2920000,3090000,,,3700000,,4150000,4410000,4740000,4970000,5220000,3860000,3940000,3570000,,,,,,,,,,,,,,,440000,522000,,687000,661000,804000,,,,,,,,,,
Barbados,,5160,4460,4080,,,358,497,523,337,,1710,1720,1120,,,,,,76,601,,2580,,,,,,,130,557,667,1460,1490,1680,1820,1100,575,282,625,500,981,,,1450,905,418,719,328,212,
Belarus,,,,,,,,,,,,,,,,,,,,,,,,,,76700,,,,,,0,3030,2270,7450,7150,5000,3840,,,2300,2460,2020,6250,7720,5890,2110,3560,5540,,
Belgium,,,,,,,,32600,,20100,15300,24100,23000,47100,51500,53600,42100,31400,22400,,,24900,35300,16800,21400,21200,17900,,,426,0,167,1950,8880,20400,22800,20000,13100,8600,9720,11500,10400,8490,8890,9810,7400,5450,2160,4130,,
Belize,,,,,,,,,,,,,,,,,,,,,,,,,,,,,,227,1320,2540,,2540,1830,2160,1860,2120,1640,1290,815,1050,115,436,293,190,240,148,302,221,
Benin,,,,,,,,,,,,,,,334000,340000,364000,,393000,403000,494000,,442000,422000,425000,416000,406000,386000,,,,,,190000,156000,212000,177000,,140000,83700,75600,77100,67800,,59900,,,52700,50900,121000,
Bhutan,,,,,,,,,48200,48000,,,,,,,,,,,,,,,,,,,50300,50000,47300,44500,,,,32500,27800,,20600,15400,12700,11100,8420,8830,,9400,9690,9570,7460,,3250
Bolivia,,,,,,,,,,,,,,,,,,,,,,,,,,,,,2980,324,1680,4090,4290,6550,9650,7860,7310,6530,3440,30500,71000,107000,149000,158000,160000,155000,140000,118000,95400,,
Botswana,63000,69600,70400,71400,67600,59700,54700,50000,50900,50500,44700,36100,,28700,28100,24200,22500,21300,21000,20100,21500,16500,18600,20100,20400,47900,46900,,40200,43300,40900,37100,36900,36600,33800,32100,29500,34500,38900,41200,,,35300,35600,36300,,,,,,
Brazil,,,,,,,,,,,,,,,,,,,,,,,,,,,,,,,,,,183000,287000,75600,,106000,,315000,,489000,,,,,,,,,
Brunei,,,,,,,,2660,2730,5550,5820,7200,7920,7720,7570,,6620,,,,,3550,2970,2060,2050,756,,,,,,,,,,,,,,157,,,106,167,62,260,59,145,295,225,
Bulgaria,,,,,,,,,,,,,,,,,,,,,,,,,,,26000,21100,10500,7670,8990,8480,11700,10600,8190,11200,7890,588,152,886,450,514,6390,11400,15500,21700,29500,34600,40000,,
Burkina Faso,,776000,788000,,,,,866000,884000,902000,916000,924000,928000,940000,955000,963000,969000,981000,1010000,1040000,,1090000,1110000,1130000,1140000,1150000,,,1170000,1190000,1200000,1210000,1260000,1250000,1240000,1180000,1130000,1040000,928000,887000,1040000,946000,946000,945000,938000,917000,761000,747000,689000,748000,
Burundi,,,,476000,,,,,509000,,512000,505000,491000,462000,443000,429000,428000,408000,406000,,,,,503000,,,,,,,712000,613000,628000,591000,576000,540000,328000,235000,98500,122000,59800,,,,,,,74300,114000,141000,
Cambodia,,,,,,,,,,,,,,,,,,,,,,,,,,,,348000,314000,275000,144000,,,40800,,,97200,79800,98000,,117000,40900,41000,,84800,82600,134000,180000,186000,190000,
Cameroon,,357000,381000,414000,452000,392000,387000,416000,414000,417000,428000,,,,,,,,472000,,528000,587000,,,,,,,,,,,,,,,,,469000,397000,,363000,187000,,174000,164000,192000,259000,,347000,
Canada,,,,,,,,,,,,,85300,90600,103000,106000,99300,98600,99500,95100,96000,38500,44700,83200,96900,124000,103000,,20400,1740,1940,,,,,,,,,,,,12000,12500,13500,9240,1010,2750,5030,,
Cape Verde,,,,,,,,,,,,5280,5910,7360,4100,2680,2060,1470,229,,428,,,,536,,,,126,,334,1890,2320,2520,3450,2490,1530,1770,2150,2750,3360,4140,3900,4250,4200,4110,4420,4310,3970,,
Central African Republic,,134000,131000,128000,,,,152000,156000,,,150000,148000,146000,,,144000,191000,207000,213000,180000,208000,,,,,,,,,,,,,,338000,344000,301000,249000,255000,244000,265000,252000,,,,,,,,
Chad,,,,,,474000,,491000,,,,,,,,,,,618000,,,,,,,,769000,731000,692000,694000,698000,707000,683000,689000,,,,,,,,816000,,509000,,512000,675000,840000,694000,724000,
Chile,,,,,,,,,,,,,,,,,,,,,,,,,,,,,,,,,,,,,,48900,40500,62800,42200,49500,51100,57300,56800,54400,45300,33900,19400,,
China,,,,,,,,,,,,,,,,,,7480000,5430000,3770000,3030000,3130000,4130000,5430000,7450000,9980000,12200000,13700000,,,,,,,,,,,,,,,,,,,,,,,
Colombia,,,,,,,,,,,,,944000,,1040000,1110000,1210000,1200000,1210000,1220000,,1120000,807000,786000,762000,639000,445000,,99500,54500,34600,124000,75700,,134000,5860,6190,12100,4540,28800,92400,112000,196000,,,141000,175000,100000,85800,,
Comoros,,,,,,,,,,,,,,6840,,,9760,14900,,,,,,,23400,,,,,34700,29400,,,,,,,20900,,,,,,13600,15300,,,17900,22700,,
"Congo, Dem. Rep.",,982000,1070000,,,1080000,,,,1100000,,,,1110000,1110000,,,,1850000,,,2210000,2400000,2570000,2600000,2160000,,,,4760000,,,,,,,,,,,,,,,,,,,,,
"Congo, Rep.",,,38800,,26500,,21400,,13400,13200,37800,42100,41500,41300,38400,,,,,,,,,,,,,,,,,,,,,265000,254000,,,,88800,,73700,,,,,,,,
Costa Rica,48200,,41400,36900,,32800,25200,,28200,32800,33000,31700,38300,,,52500,51300,52700,,54900,56700,56300,49800,49500,55200,51100,42500,,,,,,,,,,,,,,,166,246,2080,9970,8010,6190,13800,509,555,
Cote d'Ivoire,,,,,,,,524000,,,,,,,,,,,,,,1030000,1060000,,,,1060000,1070000,,1090000,1140000,1060000,1090000,1250000,,,,,,1460000,,,,1140000,988000,865000,490000,431000,242000,199000,
Croatia,,,,,,,,,,,,,,,,,,,,,,,,,,,,,36200,16200,12800,5000,614,502,,1820,1690,1930,5010,15800,9030,4790,1910,2220,1950,1850,2640,2300,2770,,
Cuba,,,85300,70700,59700,,,,,18900,31300,68500,88100,87600,103000,116000,102000,77900,74100,69700,72100,76200,56100,49100,28500,31000,12300,14800,14400,6500,4450,4180,1630,13300,16500,24900,33400,25700,26200,12600,7010,10300,16000,15700,37600,44300,40400,31500,15700,5700,
Cyprus,,16000,16600,16300,16500,20900,22400,22700,21900,21000,21100,18900,21000,20900,20800,20300,17300,14800,14200,14600,15600,16000,17900,1510,1990,2460,2520,2410,,63,1280,1350,724,517,482,15,37,114,228,198,19,82,710,973,1220,758,961,754,329,,
Czech Republic,,,,,,,,,,,,,,,,,,,,,,,,,,,,,,4590,,,,,,,,202,2840,250,16,3220,2080,5050,3510,1030,1840,1850,2390,,
Denmark,,,,,,,,,,,,20600,16600,8810,4460,5140,5380,4520,3930,8170,8300,6050,8620,9980,4270,5640,6190,,1980,779,267,598,560,,7260,6010,4620,2050,2670,3780,4880,4180,2630,1170,2320,275,47,944,2810,,
Djibouti,,,,,,,,,,,,,,,,52500,54300,58400,62700,66400,68600,70200,69800,72900,73600,74800,77700,82000,,85900,85700,81700,79400,,74800,73300,70300,64900,49800,49200,,37900,,37500,29400,35300,37900,35600,33900,30100,30900
Dominica,,,,,,220,1110,1190,,2050,2120,2290,1710,,,,,,,,,,,,,,,,,,171,778,610,863,1030,1250,1290,1580,1420,722,,88,,,,,61,,,228,
Dominican Republic,,,194000,,,,,,,,,,,,,,,,,,,,,,,,,,,159000,144000,,67700,108000,171000,157000,171000,97900,141000,48800,54300,56100,70500,73000,93800,52400,53400,61800,65800,45800,
Ecuador,,207000,,214000,210000,223000,224000,193000,175000,139000,160000,,,,,,,,,,,,,,128000,121000,103000,62300,55700,60400,50700,27600,14200,15500,,38100,27500,16800,102000,17600,14300,16200,22000,19600,19400,18300,19900,21200,24600,,
Egypt,,1900000,1920000,1970000,,,,,2090000,,,,,,,,,,,,,,,,1020000,,,919000,,1090000,941000,860000,780000,699000,630000,740000,1020000,572000,,419000,233000,400000,93500,,44400,,57300,63300,77600,90700,
El Salvador,216000,,,,,,,,,,,,,,,,,,,,,,,,,,,,130000,,62600,56800,42100,38200,,,,,,,,,,,50000,64800,74300,103000,95700,,
Equatorial Guinea,,,,,,,,,,,,,,,,,,,,,,,,,23800,,,,,,24600,20400,22800,25200,,,,,59500,63500,67300,68900,70000,,,83600,,,,,
Eritrea,,,,,,,,,,,,,,,,,,,,,,,229000,,232000,234000,231000,230000,,200000,172000,160000,127000,95200,72700,53200,46800,66300,80600,99100,118000,115000,114000,145000,162000,186000,,238000,242000,,
Estonia,,,,,,,,,,,,,,,,,,,,,,,,,,17200,12400,,999,1040,1220,1230,1220,552,1180,1220,1180,68,322,606,404,18,34,947,1600,2010,2240,2140,1950,,
Eswatini,35900,37200,36600,35000,35200,34100,34400,34700,36200,37300,37000,35900,38600,42300,43900,43500,46300,46900,49200,51900,50100,50900,49400,50600,47000,41300,42300,,,,,,,,,,,,,34600,23400,13300,22600,30200,29100,31800,32000,35900,33800,,
Ethiopia,,,,,,,,,,,,,,,,,,4820000,4940000,5200000,,,,,7230000,7270000,7100000,,6730000,6640000,6380000,6090000,6010000,6140000,6050000,4920000,4510000,3960000,3290000,3440000,3810000,3290000,3110000,,2190000,2310000,,,,,
Fiji,,,,,,,,,,,,,,,,,,,,,,,3790,,3360,4990,7560,7080,6030,6410,5790,2260,851,667,184,,356,382,656,847,,736,892,844,,900,576,,,,
Finland,,,88200,,,,,,,12300,,,,,,,,,,,,,,4930,5360,6600,6340,4940,1970,617,1010,47,1450,4100,7850,9180,11000,8380,6710,5960,4930,4020,2200,2410,1360,2190,2610,4190,4890,,
France,,113000,117000,116000,104000,,135000,129000,,44600,29700,48100,99300,186000,,199000,89900,4160,5640,5150,3080,447,30100,84300,85900,41000,2050,2320,,124000,137000,139000,141000,149000,149000,3240,1140,5210,20100,36000,51300,9820,15000,23600,56300,21500,7010,2460,1760,,
Gabon,,,,,,577,,,,,,,,,,,,,,,,,,,,,,16300,,,,,,,,,,,,,,,,,,,,,,,
Gambia,,54900,56800,58100,60000,61400,62200,58700,56400,55200,52900,46800,44400,42600,42300,41100,43300,,,,67600,,77800,76300,,,75000,,81700,66700,77200,80900,89100,84400,86000,93100,82600,79000,91800,,92200,95900,89300,92400,95600,78500,75000,68700,65000,54300,
Georgia,,,,,,,,,,,,,,,,,,,,,,,,,,27300,5010,369,,,,,,,7260,9060,10700,2030,4200,8870,,6590,3300,1190,1870,738,5950,2280,2430,2000,
Germany,,,,,,,,,,,,,,,,,,,,,,,,,,,,,,3030,2890,21500,148000,117000,86800,65500,62900,51300,78700,89300,70100,71500,95200,103000,92100,52600,14500,15000,19800,,
Ghana,,,,,,,,,,,,,,,,,,,,,,,,,,,,,,1220000,991000,1180000,1070000,1110000,,995000,942000,774000,587000,580000,,299000,334000,,,,,90700,154000,35400,
Greece,,72700,68000,57900,44000,41200,39900,45400,52200,61200,75900,61500,59000,51200,51800,53100,61800,82300,75000,79000,80300,80800,93800,105000,104000,87300,84600,72900,20300,14300,5830,15300,15700,17000,20200,26900,28200,28300,,,19100,18000,14600,13300,19000,14100,9880,8150,9250,,
Grenada,,,3800,,,,,393,200,246,675,1480,2000,1990,1570,,,,,,,,,,,,,,,45,,,80,,42,486,,37,25,,,,,,,,,,94,,
Guatemala,500000,501000,506000,,520000,523000,,,543000,553000,547000,527000,581000,552000,,,,,,,,,,,,,,519000,,309000,274000,305000,251000,,171000,144000,114000,96800,102000,,,105000,176000,232000,277000,283000,296000,271000,246000,249000,
Guinea,,,,,,,,,,,,,,,603000,599000,634000,671000,686000,712000,743000,745000,,,,,,,754000,751000,736000,712000,631000,601000,572000,559000,542000,522000,551000,541000,505000,446000,463000,440000,382000,,425000,,,,
Guinea-Bissau,,,,,,,,,,,,64100,55400,,63400,66400,,83300,88400,,,,,,,,,,,,101000,,,,,,,,,,64200,,,,,,,,,,
Guyana,,17400,15600,,12200,,17300,11200,,15700,,,14800,,,,,,,,,8760,11100,12800,,10700,12100,,,,,,,8190,,,,,2050,8050,3770,1800,1730,,,,,,,,
Haiti,,,,,,,,,,,529000,526000,488000,462000,507000,477000,474000,581000,,,,,,,,,,546000,,,,,,,,,,,,,,,,,,,,,,,
Honduras,,,,,,,,,168000,152000,154000,,94600,87100,83000,,89800,,,,,120000,,114000,,,,,,,150000,,,111000,107000,166000,125000,194000,157000,173000,159000,156000,197000,233000,242000,250000,233000,214000,,151000,
Hungary,,,,,,,,,,,,,,,,,,,,,,,,,40600,46000,107000,65000,8090,6950,15700,11800,9460,14400,15200,11200,8560,11700,7670,5780,6540,9550,11700,12400,11700,11100,8650,9990,17200,,
Iceland,,,,,,,,226,,,,,,,,,,,,,,,,,792,,599,453,144,333,324,226,225,548,1080,1010,837,568,230,83,207,358,524,564,537,408,143,15,19,,
India,,28300000,,,,,,,,,,,,,,,,,,,24400000,,,,,,,,,,19500000,19600000,19900000,14100000,,,,4020000,3970000,5640000,4920000,5450000,3840000,2890000,,,,,,,
Indonesia,,5480000,5420000,,5780000,5430000,4960000,4570000,3190000,,,2290000,937000,618000,558000,537000,695000,493000,571000,550000,986000,1240000,1480000,1810000,1670000,1720000,2000000,2010000,,,,1010000,1200000,1340000,1550000,1820000,1470000,830000,1070000,871000,763000,890000,1140000,1770000,1920000,,1780000,1400000,1560000,,
Iran,,1940000,,,,,,,,,,,,,998000,1050000,1050000,1100000,1110000,1160000,718000,,441000,,,,,777000,,1260000,1130000,,209000,272000,146000,292000,248000,277000,,123000,188000,181000,112000,81700,25700,16300,15500,16900,,,
Iraq,,664000,659000,653000,648000,692000,566000,569000,558000,236000,156000,178000,,298000,,340000,329000,287000,261000,297000,,,,678000,,,814000,,,365000,416000,,,227000,291000,,,322000,,,,,,,,,,,,,
Ireland,,7870,10800,10200,14600,15500,15100,15300,15900,19400,24900,33100,42100,49300,,,55500,52600,48400,46200,44400,46100,49200,49700,48300,45500,40600,,1050,441,179,795,952,83,402,1140,526,806,354,128,981,621,294,376,197,263,64,159,10,,
Israel,,,,,,,,,,,,,,,,,,,,,,,,,,,,,,3060,2840,874,1050,972,313,145,1390,641,827,676,587,570,360,123,798,828,2750,2210,2790,,
Italy,,,,23300,,,73700,,,22100,,,,,,38400,,,,,,,,,,84400,50300,24300,,3220,2600,6720,8070,10100,8990,15600,17200,16600,16200,13800,11200,13300,7300,3240,23800,42100,58300,71800,89200,,
Jamaica,,,,,,17900,27700,25600,,12500,12300,12500,,8830,12900,15200,14300,7340,17500,6190,8690,14300,,24900,,,,,,29200,24400,24400,27200,31500,24700,,,,,,,,,,,33400,37100,38000,42800,46900,
Jordan,,,39400,24100,17500,16900,15200,12800,10100,12400,35900,47300,50600,65400,68500,66000,,,,,,,,,,,,,,71500,66600,,54200,45100,43900,52700,68600,93300,122000,,192000,228000,273000,294000,,,309000,271000,265000,262000,
Kazakhstan,,,,,,,,,,,,,,,,,,,,,,,,,,,,,,,66600,1030,2190,4490,3350,3310,7570,10700,1020,1080,3200,3730,2360,2430,1070,298,2260,10300,13200,12900,
Kenya,,,,,,,,,,,,,,,,,,,,,,,,,,,,,,2070000,1930000,1510000,1680000,952000,1100000,1110000,1220000,628000,902000,763000,,,1380000,,,,,,,,
Kiribati,,,,,,,,,,132,,27,,65,59,125,283,642,,193,,35,8,157,134,245,247,132,,,,,,,,,,,,,,,,,192,385,280,645,,,
Kuwait,,32600,32600,31300,31900,32500,33200,29300,19400,22900,26300,25900,25200,21600,19700,17500,18500,28700,33800,,,,105000,,51600,,14500,14700,6850,7080,12200,13400,9820,11100,8650,14100,,2760,2890,,2070,1140,1320,2660,3110,4310,7290,,,,
Kyrgyz Republic,,,,,,,,,,,,,,,,,,,,,,,,,,,36200,,,26200,30900,26400,26900,27200,5290,16600,10800,14800,16600,18900,15800,16600,6260,1760,1460,1670,1680,1360,1410,2570,
Lao,,,,,,,,,,,,,,,,,,,191000,,203000,,255000,234000,218000,,219000,208000,190000,190000,188000,195000,188000,168000,162000,150000,135000,113000,93300,75000,40000,41600,41400,27500,25400,38100,45200,57300,65400,64900,
Latvia,,,,,,,,,,,,,,,,,,,,,,,,,,,,,,581,,,,,,,,,10,972,958,852,1640,2120,2260,2410,2110,1850,1380,,
Lebanon,,,,,7120,,,,,,,,,,,,,,,,,,,,,,,,,,,,,,,,,,,,,,,,,,,,,,
Lesotho,82100,91600,92400,94100,79800,,83500,84600,104000,105000,108000,111000,104000,109000,110000,106000,110000,109000,110000,116000,123000,121000,123000,133000,131000,136000,136000,,163000,173000,95100,86700,75100,63600,60800,52900,44100,48500,42500,40200,33600,33100,32600,29500,28600,23600,16400,7410,,,
Liberia,,,,,,,,,,,,,,,,,,,,,,,,,,,,,,209000,,,,,,,,,317000,,,,,,47500,,,159000,,,
Libya,,74300,49700,34700,27500,27000,21500,20100,34800,,17800,19200,,12400,,,,,,,,,,,,,,,,,,,,,,,,,,,,,,,,,,,,,
Liechtenstein,,,,,,,,,,,,,,,,,,,,,,,,,,,,,,,,,,15,9,100,23,23,16,30,15,24,29,,44,1,6,,3,,
Lithuania,,,,,,,,,,,,,,,,,,,,,,,,,,,,,8350,65,242,639,480,197,254,293,312,276,163,148,48,99,136,148,72,87,108,247,201,,
Luxembourg,,,2780,3150,2450,2730,2810,2960,3030,,,5830,4150,4340,4580,,4490,5290,3750,,,,,,,,,,,601,729,816,756,1410,1200,589,406,376,653,,1550,1710,1270,1310,1020,384,87,208,369,,
Madagascar,,,369000,,,,,,,,,,,,,,,,,547000,582000,,,,,839000,820000,,,737000,723000,721000,736000,529000,,,,,,,,,,,,,,,66800,80500,
Malawi,,,,,,,,,,,,,,,,,,,,,,,,,,,,,,36700,,,,,32900,33800,47400,114000,51700,43600,,,,,,,,,,,
Malaysia,250000,262000,245000,,,,,,,,,,,,,,,,,,,,,,77500,,,,127000,91800,48600,67600,106000,91200,19800,13000,150000,161000,162000,135000,122000,94100,46000,10400,3280,14500,5300,10400,,,
Maldives,,,,,,,,,,,,,,,,,,,,,,,,,,,,2640,,1370,1220,313,425,,155,357,110,166,177,,,,,,,195,1190,1930,1670,1010,
Mali,,722000,728000,740000,735000,,,780000,,,,,,,,,,,,,,,,,,,,,,957000,,,897000,926000,955000,883000,882000,864000,,763000,767000,771000,861000,1020000,1030000,1160000,1160000,1030000,1340000,,
Malta,,6940,7220,7550,6920,5610,3680,2020,967,694,1410,1990,2070,2640,2310,1220,1380,1790,1870,1680,1460,1410,1430,1320,1720,1390,862,554,,,,,,,,,,,,,,168,25,77,175,166,295,57,,,
Marshall Islands,,,,,,,,,,,,,,,,,,,,,,,,,,,,,,,,,39,,,,,,,,,531,,,,2380,2250,,,2350,
Mauritania,,,,,,,,,,,,,,,,201000,,,,,,,,,200000,181000,172000,,166000,170000,171000,158000,161000,149000,119000,128000,118000,116000,137000,144000,145000,146000,156000,145000,136000,,165000,138000,129000,156000,
Mauritius,,,34900,33400,31400,28700,27700,22600,25700,29600,28800,23900,15500,11100,6790,118,2020,441,679,832,3470,9000,,8640,7390,6230,3550,2510,143,360,292,598,824,1150,2150,775,715,734,454,1090,1210,1340,4730,2310,1230,1060,1430,1010,1160,1210,
Mexico,,1720000,,,,,,1250000,,,,,,,,32700,0,0,116000,434000,210000,258000,227000,285000,393000,462000,529000,530000,442000,13700,2420,15000,26500,31600,36500,22000,11700,1970,9200,2310,18800,35500,44700,54700,67600,77600,88100,97700,93600,,
"Micronesia, Fed. Sts.",,,,,,,,,,,,,,,,,,,,,,,,,,,,,,,,,,,,,,,,,,,,,1310,2060,1440,,,1470,
Moldova,,,,,,,,,,,,,,,,,,,,,,,,,,,,,,,0,0,0,2350,3340,8890,13500,14500,13100,13100,12800,11900,11900,11700,11600,12600,12700,14000,14000,16000,
Mongolia,,,,,,,,,,,4810,,,9280,,,,8590,,,,,,,,34400,28900,37700,28900,24200,18300,14300,16200,31800,15500,17200,5090,1950,604,687,1260,1340,2050,8850,9520,6400,1760,1670,2150,,
Montenegro,,,,,,,,,,,,,,,,,,,,,,,,,,,,,,,,,,0,,0,0,1240,1270,,,589,1030,,,1680,2140,1100,784,2,
Morocco,,1530000,1540000,1560000,,1530000,1470000,1390000,1310000,1260000,1190000,1130000,1130000,1080000,1020000,1080000,1150000,1230000,1310000,1400000,1410000,1720000,1740000,1680000,1590000,1480000,1370000,1290000,1310000,886000,766000,671000,574000,511000,511000,472000,412000,349000,329000,364000,242000,205000,228000,179000,204000,,162000,90000,7800,16100,
Mozambique,,,,866000,,,,,,767000,,834000,866000,669000,,658000,687000,924000,1010000,1030000,1020000,1060000,1120000,1170000,1180000,1150000,,,1600000,1520000,1440000,1330000,1530000,,1130000,967000,843000,658000,539000,512000,470000,598000,605000,561000,535000,461000,514000,577000,354000,143000,
Myanmar,,1480000,,1270000,1690000,,,,1600000,,,,,,,,,,,,,,,,,,,,,,509000,451000,555000,468000,545000,563000,579000,566000,525000,575000,574000,,,,197000,,,112000,91900,,
Namibia,,,,,,,,,,,,,,,,,,,,60500,61300,,55800,,52500,50900,53700,50500,44000,42200,36300,30100,22800,22000,30100,29600,39500,29800,30700,28200,25000,,12700,4100,,,,5450,6000,,
Nauru,,,,,,,,,,,,,,,,79,,,,,,,,,,,,,,,,,,,,,,86,,,,,234,,31,,40,,,,
Nepal,,,,,,,,,,,,,,849000,849000,,,,808000,,,,,,,,,,,1060000,883000,,,689000,677000,,,,,,,22000,2900,,30900,49900,49300,101000,,103000,
Netherlands,,105000,115000,125000,137000,139000,124000,118000,110000,100000,96000,101000,124000,144000,155000,156000,88900,66300,48500,42100,43900,51700,62400,69900,11400,8790,6890,3830,,,,,,,,,,,,,,,,,,,,11000,4250,,
New Zealand,106,795,367,1860,2070,1610,1220,1530,2000,2080,1870,2390,2710,3910,1590,1310,732,420,323,510,1460,3140,7700,,9430,5060,3550,852,,,,,,,,,,,,,,,,5670,7230,6660,3660,913,1110,,
Nicaragua,205000,198000,204000,206000,210000,205000,204000,213000,229000,,197000,,219000,224000,241000,222000,235000,231000,237000,256000,245000,232000,211000,208000,202000,216000,220000,,,143000,120000,89200,33700,,6440,4880,18700,20400,14400,,28200,,,,,,,,,,
Niger,,,,719000,738000,,,757000,770000,,,804000,,,,,873000,,,980000,1010000,1040000,1100000,,,,,1220000,1260000,1270000,1310000,1290000,1270000,1250000,1230000,1290000,1320000,1350000,1330000,1290000,1230000,1150000,1160000,1230000,1280000,1280000,1300000,1240000,,1650000,
Nigeria,,,,,,,,,,,,,,,,,,,,,,,,,,,,,,7020000,6560000,,,,6820000,6900000,6980000,6530000,8350000,8350000,8620000,,,,,,,,,,
North Korea,,,,,,,,,,,,,,,,,,,,,,,,,,,,,,,,,,,,,,,,35000,,,,,,,,,,,
North Macedonia,,,,,,,,,,,,,,,,,,,,,,,,,,,,,11300,11400,3010,4840,5780,7300,6520,6600,8660,7930,11200,9220,5080,,10400,11400,9920,6140,,1060,781,,
Norway,,9010,6950,,,,1230,1420,4010,5410,3270,6330,7210,,9760,13100,12500,9990,7610,4230,835,133,1090,4140,5030,5770,5650,62000,403,339,564,392,575,0,2220,5950,5550,3510,2630,3170,3420,2070,909,198,350,576,483,177,2,,
Oman,,,,114000,110000,104000,107000,,103000,102000,,103000,103000,103000,96300,97500,89900,89600,96400,98000,99000,99900,98700,90800,89000,85100,75500,73200,65300,58500,54800,50900,51000,55600,,,,,,6080,,3320,1060,761,1660,1630,412,4180,8730,7920,
Palau,,,,,,,,,,,,,,,,,,,,,,,,,,,,,,,,,,,,,,,,,,,,47,69,,,,,,
Palestine,,,,,,,,,,,,,,,,,,,,,,,,,,,,,,34700,33500,43000,45200,49700,53600,63700,66200,69200,58500,50000,43000,38000,23600,22000,17500,19500,18700,12200,13000,17600,
Panama,65900,46300,40600,35800,,32500,34100,,29000,34000,38000,42900,46700,51000,52200,50600,51000,48700,51800,47100,46700,,,,,,,,,22800,17800,12100,4140,,1780,4850,2060,2240,6780,16900,13600,17200,20200,27300,37400,44400,,58700,,,
Papua New Guinea,,,,,,,,,,,,,,,,,,,,308000,,,,,,,,,,,,,,,,,,,,,,,,,,,86100,,,,
Paraguay,87000,,136000,84800,,100000,96800,93600,86200,80600,70400,61100,,60900,64800,67500,75900,74200,67200,58000,48600,37300,102000,31600,67700,71100,47500,,,18600,7270,8970,23100,27500,31800,29000,41900,57700,71400,81900,81500,82100,86100,,,,,,,,
Peru,559000,,,510000,,,,,,,476000,344000,327000,,,166000,,,308000,,,,,349000,,542000,563000,586000,113000,61700,31700,20400,17400,72000,22100,21300,21000,19800,19600,39400,17500,21200,,,,,11000,33800,47600,,
Philippines,,,,,,,221000,,,281000,,523000,533000,671000,741000,463000,525000,514000,344000,215000,135000,,425000,529000,706000,,451000,,919000,1260000,,1110000,1070000,1150000,1240000,1220000,1430000,1410000,1270000,992000,,,,,333000,364000,430000,424000,501000,,
Poland,,,,,,,,,,,,,,,,,,,,,,,,,,,,,,95900,102000,108000,134000,158000,177000,188000,177000,166000,147000,128000,112000,110000,89200,75800,77600,,,59800,50700,,
Portugal,,,,116000,116000,,72400,62200,37700,,43100,38100,,,20800,5540,3500,4720,,,2570,9970,3090,2140,7580,3870,3040,,,,16200,,,,,2120,2960,,,461,142,1190,907,525,3050,7800,11200,3660,2430,,
Qatar,,2690,2230,2180,2470,,2180,1990,1210,920,934,1310,1220,1810,1980,2870,2770,4320,5150,5920,7200,10000,12100,13000,10500,,,,1490,715,2170,1520,1030,1960,2730,905,3890,285,,1700,1790,581,2080,6670,7000,4350,3580,2970,1990,2950,
Romania,,,,,,,,,,,,,,,,,,,,,,,,335000,227000,164000,149000,150000,96100,127000,118000,103000,63700,23700,1160,3180,20200,19500,20500,18800,20300,24500,33100,,,82500,104000,126000,136000,,
Russia,,,,,,,,,,,,,,,,,,,,,,,,,228000,487000,,,,,,,,,,,393000,338000,114000,45000,,21700,24600,23000,150000,80700,36900,8520,10800,,
Rwanda,,,,302000,321000,345000,,336000,329000,,,,,,,,,,,,,,,,,,,,,171000,,,256000,197000,,,,,,,,,,,,,14000,42700,81300,121000,
Samoa,,,,,,,,,,,,,,,,,,,,,,,,,1780,,,,1040,1170,706,692,,,,,,456,,75,157,417,382,,236,165,411,185,387,,
San Marino,,,,,,,,,,8,17,,,,46,43,120,189,255,236,201,142,101,81,91,,160,148,,,218,,,,94,,,,,,,,,,,,,,,79,
Sao Tome and Principe,,,,,,,,,,,,,,662,689,,,1700,1510,,1110,,,,,,,,,4730,,,1080,784,455,456,,2710,2520,2470,2720,,,3730,3700,3820,,2100,,,
Saudi Arabia,,,,,,,,,,776000,,,,,,,,,,,,,,,,,,,,,,,,,,,,,,253000,89200,90200,4620,67700,,22100,59000,,,,
Senegal,,,,,,,,,586000,585000,595000,602000,607000,610000,625000,640000,585000,,620000,654000,689000,,745000,,781000,,747000,696000,668000,697000,658000,,,580000,643000,637000,594000,561000,555000,562000,553000,550000,503000,541000,542000,564000,,,,681000,
Serbia,,,,,,,,,,,,,,,,,,,,,,,,,,,,,,,,,,,,937,422,3170,4170,9980,15000,7460,10500,10000,3420,2190,2250,2750,3820,4890,
Seychelles,,,,,,,,,,1600,,,,,,,,,,,,,,1190,887,801,763,,52,,155,824,112,51,55,57,,,,,,,,64,84,77,152,249,269,224,
Sierra Leone,,,,,,,,,,,,,,369000,,,,,,,,,,,,,,,,,,,,,,,,,,,,,43700,2480,,19300,6100,,,,
Singapore,,,,,,,,,,,,,,,,,,,,,,,,,,,,,,,,,,,,,,,,,,,,,,,24,72,476,,
Slovak Republic,,,,,,,,,,,,,,,,,,,,,,,,,,,,,,,,10500,18400,21400,22200,17800,11400,5710,5560,8040,10400,11700,9150,8540,11000,13400,14600,12600,10200,,
Slovenia,,,,,,,,,,,,,,,,,,,,,,,,,,7540,5520,4670,2210,3170,3850,3140,2430,1590,382,135,50,846,729,764,683,353,431,718,894,521,558,225,294,,
Solomon Islands,,,,,,,,,,,,,,,,,,,,,,,,,,,,,,,,,,,,18300,14900,15000,,,,,,360,492,68,,,4350,,
Somalia,,,,,,,498000,570000,668000,749000,821000,,,,,,,,,,,,,,,,,,,,,,,,,,,,,,,,,,,,,,,,
South Africa,1290000,,,,,,,,,,,,,,,,,,,,,880000,,,793000,755000,,,731000,641000,724000,653000,563000,460000,397000,381000,,,,,,,,,,312000,,568000,845000,,
South Korea,,224000,134000,173000,192000,173000,123000,171000,153000,66800,1780,2800,9930,12600,43900,70500,83100,25000,5420,5480,10400,12000,19100,28500,41600,59100,66800,53900,59200,52200,30900,73600,86500,53600,56200,9830,8170,5170,752,11000,6960,9810,59900,128000,113000,39600,74400,66200,25200,,
South Sudan,,,,,,,,,,,,,,,,,,,,,,,,,,,,,,,,,,,,,,,,,,894000,,,,1090000,,,,,
Spain,,219000,177000,148000,,17400,3030,27400,45800,43100,27800,27100,,13600,7970,6810,6440,25300,43300,23000,22000,9030,8900,275,442,953,1510,1680,,645,3990,3370,2260,266,962,3380,3890,1440,234,1370,1790,1220,3130,6220,7380,9280,27800,75000,91800,,
Sri Lanka,,,,,,,,380000,,,,,,,,,34000,,,,,,,,,,,,,,,1970,1260,6190,51000,45400,54500,61500,77000,116000,89100,87500,83500,61300,45300,16400,16400,12400,9300,,
St. Kitts and Nevis,,,,,,,,,,,,,,,47,1010,830,,86,73,,,,,,,,,,,,,297,115,137,22,,133,186,,132,,17,13,4,,54,,,,
St. Lucia,,,,,,,,,,,,1920,1420,230,308,0,0,,,,630,,,,,,,,,,2050,1930,284,297,1130,1430,959,1080,,,,,,,,235,219,228,222,260,
St. Vincent and the Grenadines,,,,,,,,,,,,,,,1270,,588,,,,,,,,95,,,,,,295,,158,94,104,269,,181,259,99,71,97,38,21,,113,94,58,,,
Sudan,,,,,,,,,,,,,,,,,,,,,,,,,,,,,,,,,,,,,,,,,,2360000,2620000,2620000,2650000,2660000,2560000,2440000,,,
Suriname,,,,,,,,3730,2680,,,,,,,594,,728,648,,,,,,,,,,,,,,,,,10900,9670,10800,7120,5170,6260,7420,7120,7400,7670,6600,5850,8580,8600,7680,
Sweden,,,,,,,3900,,,,,,25900,,,,,11200,9450,7190,2810,1600,939,2150,611,7180,1250,1130,,1600,2560,1970,1920,5060,20600,30200,30900,22000,7760,2090,2050,1650,921,253,429,17,970,1880,892,,
Switzerland,,,,,,,,145000,140000,,,124000,120000,117000,116000,112000,107000,99500,89900,79900,72400,69500,70700,76000,81600,51900,43100,,,659,1700,2400,2530,2720,3080,,,,,2570,2280,1660,1820,992,902,794,64,706,402,,
Syria,,309000,,220000,206000,211000,208000,203000,215000,226000,222000,231000,236000,239000,214000,194000,169000,106000,112000,108000,118000,97400,90200,91100,87200,87700,91100,113000,87400,89600,81200,63900,59700,28700,18200,15100,15500,15100,15100,17400,21800,,,523000,,,,,,,
Tajikistan,,,,,,,,,,,,,,,,,,,,,,,,,,,,,,,24200,27300,15200,15100,13100,11700,13800,11200,10900,9260,8000,8810,5660,5210,9410,13300,13600,4180,,,
Tanzania,,,,,,,1590000,,,,1040000,1120000,1340000,1430000,1600000,1770000,1880000,2000000,2140000,2200000,2300000,2400000,2480000,2610000,2760000,2840000,2910000,2970000,3070000,3120000,2960000,2730000,1800000,1260000,965000,646000,226000,,69200,,604000,,1100000,1370000,1580000,,1560000,1610000,1900000,1430000,
Thailand,,,,1780000,1810000,,,,,,,,,,,,,,,,,,,,,,,,,,,,,,,,62000,84500,113000,93500,,,,,,,,,,,
Timor-Leste,,,,,,,,,,,,,,,,,,,,,,,,,,,,,,,,,,,,,,,28100,18100,18500,13600,16700,14800,13200,10500,10200,5690,7730,9000,
Togo,,167000,170000,,,,,,125000,124000,126000,,148000,166000,210000,228000,262000,218000,224000,230000,230000,219000,,,261000,202000,148000,167000,,88400,99700,77700,73000,73500,67000,65700,59600,89100,82400,,,,,,89400,69600,96400,90500,66400,40100,
Tonga,1990,1840,883,,1800,456,,,,,,,179,1380,158,435,464,,,,1190,,,1140,,,,,873,995,,146,,,290,181,167,,,,,,198,189,,163,,,,,
Trinidad and Tobago,,13600,15200,16500,16300,14100,8090,6580,9600,17100,22400,14300,12400,12600,14000,13700,17100,13700,12600,15600,19800,21100,22400,24300,,,21700,21100,,3530,1010,1710,8000,5710,1520,5120,,921,2430,2020,1510,,,,,,,,,,
Tunisia,,201000,,,,233000,,,218000,206000,188000,173000,148000,118000,90300,83200,75100,70600,68200,64800,75000,63900,60100,50600,51100,48500,61100,75700,,74000,58800,34900,8410,11600,13500,13400,15300,24800,20700,14300,11200,11200,13900,11000,,,,,,,
Turkey,,,,,739000,,,,,,,,,,,488000,437000,463000,362000,367000,257000,304000,294000,453000,506000,542000,,511000,,320000,263000,228000,208000,181000,162000,143000,127000,97300,148000,306000,248000,312000,404000,343000,277000,278000,311000,273000,267000,,
Tuvalu,,,,,,,,,,,,,,,,,,,,,,,,,,,,,,,,,,,,,,,,,,,,,131,71,178,,,231,
Uganda,,,,,,,,,,1500000,,1480000,1480000,,,,1270000,,,,,,,,,,,,,,,,,,,,,,,319000,575000,370000,,329000,,,,,,,
Ukraine,,,,,,,,,,,,,,,,,,,,,,,,,,,,,,,,,59700,199000,196000,183000,196000,197000,195000,184000,143000,111000,100000,101000,136000,,,,,,
United Arab Emirates,,,,,,,,,13900,,21000,26800,24400,32600,35800,39600,42200,26200,21400,13400,6210,5460,13500,22800,29000,28900,37100,48500,49400,,,,,,,,,15400,,,,,21900,25600,9330,446,2570,5640,,,
United Kingdom,,101000,153000,209000,236000,238000,228000,207000,198000,183000,109000,111000,150000,215000,228000,268000,197000,80500,13000,11800,8860,78000,146000,,,,,,2790,1410,1800,2920,8040,4090,26100,90,15500,95000,43700,78100,68100,70500,64000,11900,4430,2980,16200,20500,32100,,
United States,,,,,,,,,,,,,,,,,,,,,,,,,,,,,,,,,,,,136000,,,,,575000,887000,672000,612000,,446000,88900,105000,142000,,
Uruguay,,,,,,,,,,,,,,43800,43500,38800,37600,40300,,,,25000,18800,16600,21800,23600,25400,25200,,,,,,,,206,197,4640,802,908,470,586,677,245,8590,41,0,857,380,,
Uzbekistan,,,,,,,,,,,,,,,,,,,,,,,,,,,,,,,,,,,,,,167000,136000,144000,124000,109000,74500,50800,20900,15400,15200,16700,17300,15300,
Vanuatu,,,,,,,,,,,,2990,,,,,,,,6100,,,,,,,,,558,686,200,131,241,104,766,279,,,,,,,,,,3300,,,,,
Venezuela,,488000,484000,493000,530000,527000,480000,463000,440000,425000,,,,,,,,,,,,,,,,,,,,355000,271000,199000,82600,141000,139000,169000,169000,123000,195000,137000,117000,121000,133000,163000,196000,208000,278000,325000,,,
Vietnam,,,,,,,,180000,657000,,,444000,,,,658000,,,,,,,,,,,,,12400,34000,146000,272000,550000,,,686000,483000,,94200,0,0,0,0,0,,,,,,,
Yemen,,,,,,,,,,,,,,,,,,,,,,,,,,,,,,1360000,,1160000,,998000,906000,832000,,,830000,,648000,,561000,541000,,,650000,,,,
Zambia,,,208000,,,,210000,216000,235000,249000,259000,268000,281000,271000,267000,,267000,,316000,,,,,,477000,520000,,,610000,651000,665000,684000,637000,,387000,207000,254000,201000,198000,289000,379000,293000,264000,352000,,,,496000,,,
Zimbabwe,,,,,,,,,,,,,38300,,17300,,25700,,,,,,,,,,,,366000,293000,244000,163000,220000,233000,,,,,,,,,13900,11800,,,,,,,
