country,1990,1991,1992,1993,1994,1995,1996,1997,1998,1999,2000,2001,2002,2003,2004,2005,2006,2007,2008,2009,2010,2011,2012,2013,2014,2015,2016,2017,2018,2019
Afghanistan,0.000004,0.0000029,0.00414,0.00203,0.00112,0.00108,0.000996,0.0000003,0,0,0,0.0000003,0.0000001,0.0000009,0.0000012,0.0000012,0.0000013,0.0000015,0.0000013,0.0000013,0.000221,0.0000999,0.00052,0.000523,0.009,0.00748,0.00169,0.00209,0.00194,0.0019
Albania,0,0,0.000924,0.000939,0.000953,0.00152,0.00159,0.0000097,0.00718,0.00126,0.000167,0.0000933,0.0000054,0.0000083,0.0000164,0.0000181,0.0000183,0.0000254,0.0000216,0.0000235,0.0000258,0.000028,0.0000295,0.000032,0.0000359,0.000036,0.0000478,0.0000309,0.0000454,0.0000444
Algeria,0.00657,0.00641,0.00811,0.00793,0.00776,0.00669,0.0065,0.00574,0.00547,0.0054,0.00547,0.00539,0.00531,0.00524,0.00517,0.00284,0.0028,0.00276,0.00271,0.00266,0.00262,0.00257,0.00252,0.00247,0.00242,0.00237,0.00232,0.00228,0.00223,0.00229
Andorra,0,0,0,0,0,0,0,0,0,0,0,0,0,0,0,0,0,0,0,0,0,0,0,0,0,0,0,0,0,0
Angola,0.000975,0.0009,0.000869,0.000832,0.000791,0.00078,0.000651,0.00063,0.00069,0.000824,0.000737,0.000723,0.000699,0.000738,0.000745,0.00072,0.00065,0.000577,0.000586,0.000654,0.000649,0.00067,0.000932,0.000914,0.000574,0.000558,0.000539,0.00138,0.00129,0.000811
Antigua and Barbuda,0,0,0,0,0,0,0,0,0,0,0,0,0,0,0,0,0,0,0,0,0,0,0,0,0,0.00016,0.0000423,0,0.0000104,0.0000206
Argentina,0.00036,0.000348,0.000343,0.000343,0.000346,0.000296,0.000296,0.000295,0.0000629,0.0000643,0.000065,0.0000643,0.0000647,0.0000694,0.0000758,0.000079,0.0000804,0.0000822,0.000071,0.0000798,0.0000801,0.0000813,0.0000835,0.0000797,0.000082,0.0000745,0.0000757,0.0000748,0.0000782,0.0000867
Armenia,0,0,0.0871,0.0993,0.0926,0.0681,0.0691,0.0699,0.0997,0.0959,0.0914,0.0866,0.0816,0.0793,0.0784,0.0736,0.0384,0.00156,0.00136,0.00125,0.00115,0.00101,0.000989,0.00474,0.00606,0.0066,0.00609,0.0061,0.00609,0.00608
Australia,0.00577,0.00309,0.00302,0.00304,0.00323,0.00345,0.0037,0.00359,0.00375,0.00346,0.00317,0.00302,0.00306,0.00287,0.00319,0.00322,0.00336,0.00106,0.000981,0.00104,0.000984,0.00104,0.00131,0.00148,0.00151,0.00154,0.00174,0.00197,0.00229,0.00305
Austria,0.00452,0.00444,0.00796,0.00731,0.00512,0.0043,0.0111,0.0105,0.00999,0.0102,0.00192,0.00178,0.00174,0.00197,0.00217,0.00257,0.00308,0.0037,0.0045,0.00465,0.00507,0.00557,0.00608,0.0065,0.00705,0.00832,0.0107,0.0131,0.0145,0.0152
Azerbaijan,0,0,0.0329,0.0302,0.0301,0.0301,0.0297,0.0295,0.0277,0.0275,0.0000353,0.0000448,0.0000553,0.000039,0.00102,0.000352,0.000303,0.00027,0.000234,0.000184,0.000209,0.000189,0.000158,0.000147,0.000137,0.000133,0.000123,0.000113,0.000114,0.00011
Bahamas,0,0,0.00141,0.000218,0,0.0000286,0.000169,0.000209,0.000275,0.00034,0.000336,0,0,0,0,0,0,0,0,0,0.0000789,0.0000779,0.000102,0.0000409,0.0000351,0.0000214,0.0000344,0.000021,0.0000389,0.0000308
Bahrain,0.00359,0,0,0,0,0,0,0,0,0.0000016,0.0000015,0.0000014,0,0,0,0,0.000001,0,0.0000431,0.000117,0.000133,0.000156,0.000222,0.000224,0.000233,0.00018,0.00019,0.000171,0.000168,0.000155
Bangladesh,0.0000014,0.000381,0.00227,0.0018,0.00103,0.000444,0.000261,0.00018,0.000182,0.000177,0.000169,0.00017,0.000166,0.000147,0.000149,0.000152,0.000187,0.000193,0.000197,0.00157,0.00155,0.00154,0.00153,0.00151,0.0015,0.00148,0.00175,0.00584,0.00562,0.00524
Barbados,0,0,0,0,0,0,0,0,0,0,0,0,0,0,0,0,0,0,0,0,0,0,0,0.0000035,0.0000035,0,0,0,0.0000035,0
Belarus,0,0,0,0,0.00018,0.00288,0.00304,0.000005,0.0000075,0.0000262,0.0000464,0.0000595,0.0000634,0.0000659,0.0000754,0.0000758,0.0000725,0.0000685,0.0000644,0.0000615,0.0000625,0.0000632,0.0000612,0.0000641,0.0000981,0.000192,0.000175,0.000227,0.000236,0.000289
Belgium,0.00259,0.0024,0.00241,0.00246,0.00192,0.00311,0.00353,0.00353,0.00151,0.00163,0.00183,0.00119,0.00121,0.00121,0.00129,0.00145,0.00158,0.00164,0.00158,0.00143,0.00164,0.00203,0.00199,0.0023,0.0026,0.00313,0.00371,0.00369,0.00367,0.00534
Belize,0.163,0.157,0.105,0.0451,0.0439,0.0423,0.0399,0.0379,0.0151,0.0121,0.00505,0.00443,0.004,0.0032,0.00265,0.0022,0.00168,0.0012,0.000903,0.000731,0.000415,0.000236,0.0000828,0.0000607,0.0000283,0.000097,0,0,0.0000731,0.0000717
Benin,0.0000916,0.0000886,0.000055,0.0283,0.0123,0.00404,0.000978,0.000464,0.000449,0.000549,0.000626,0.000678,0.000688,0.000669,0.00062,0.0038,0.00131,0.000901,0.000797,0.000805,0.000776,0.000763,0.00051,0.0000194,0.0000403,0.0000501,0.0000744,0.000094,0.000102,0.000105
Bhutan,0,0,0,0,0,0,0,0,0,0,0,0,0,0,0,0,0,0,0,0,0,0,0,0,0,0,0,0,0,0
Bolivia,0.0000291,0.0000486,0.0000686,0.0000915,0.0000983,0.0000893,0.0000897,0.000042,0.0000431,0.0000424,0.0000417,0.0000404,0.00004,0.0000592,0.0000578,0.0000579,0.0000603,0.0000661,0.0000683,0.0000687,0.0000692,0.0000701,0.0000706,0.000071,0.0000713,0.0000713,0.0000712,0.000068,0.0000713,0.0000763
Bosnia and Herzegovina,0,0,0,0,0,0,0,0.0107,0.0107,0.0175,0.0102,0.00872,0.00745,0.00599,0.0059,0.00281,0.00274,0.00196,0.00193,0.00191,0.00189,0.00189,0.00191,0.00196,0.00198,0.00198,0.00156,0.00155,0.00157,0.00159
Botswana,0.000916,0.000795,0.000365,0.000367,0.000351,0.000181,0.000142,0.000182,0.00136,0.000805,0.00216,0.00214,0.00165,0.00164,0.00161,0.00173,0.00172,0.00131,0.00158,0.00155,0.0015,0.00164,0.00137,0.00134,0.00127,0.001,0.000969,0.000955,0.000908,0.000484
Brazil,0.0000358,0.0000355,0.0000353,0.0000395,0.0000139,0.0000127,0.0000134,0.0000135,0.0000138,0.0000138,0.0000156,0.0000163,0.0000177,0.0000176,0.0000182,0.0000186,0.0000186,0.000109,0.0000201,0.0000218,0.0000223,0.0000227,0.0000235,0.0000258,0.0000369,0.0000426,0.000047,0.0000492,0.0000541,0.000156
Brunei,0,0,0,0,0,0,0,0,0,0,0,0,0,0,0,0,0,0,0,0,0,0,0,0,0,0,0,0,0,0
Bulgaria,0,0,0.0000251,0.0000525,0.000125,0.000158,0.000173,0.0000475,0.0000295,0.0000678,0.000184,0.000379,0.000465,0.000521,0.000605,0.000574,0.00059,0.000638,0.000682,0.000722,0.000745,0.000771,0.000312,0.000593,0.00152,0.0023,0.00249,0.0027,0.00282,0.00292
Burkina Faso,0.0000397,0.0000354,0.00061,0.000691,0.00509,0.00295,0.00274,0.000169,0.0000514,0.0000598,0.00006,0.0000383,0.0000372,0.0000368,0.0000378,0.0000381,0.000037,0.0000375,0.0000379,0.0000359,0.000034,0.000034,0.00237,0.00171,0.00181,0.00188,0.00175,0.00126,0.00127,0.00127
Burundi,0.0493,0.0485,0.0478,0.0469,0.0509,0.0289,0.00342,0.0036,0.00406,0.00353,0.00425,0.00427,0.00605,0.00593,0.00684,0.00281,0.00173,0.00311,0.0026,0.00297,0.00338,0.00398,0.00452,0.00477,0.00538,0.00525,0.00548,0.00576,0.0064,0.00681
Cambodia,0,0,0,0.0000005,0.000001,0.0000014,0.0000015,0.0000012,0.0000018,0.0000018,0.0000028,0.000004,0.0000158,0.0000059,0.0000292,0.0000096,0.0000073,0.0000131,0.0000118,0.0000096,0.000009,0.0000044,0.0000052,0.0000045,0.0000041,0.0000049,0.0000042,0.0000038,0,0
Cameroon,0.00423,0.00373,0.00338,0.00342,0.00333,0.00337,0.00332,0.00328,0.00325,0.00326,0.00282,0.00259,0.00356,0.00349,0.00341,0.00293,0.00193,0.00321,0.00421,0.00505,0.00513,0.0048,0.00461,0.0052,0.0116,0.0147,0.0157,0.0137,0.0151,0.0157
Canada,0.00562,0.00613,0.00651,0.00642,0.00646,0.00522,0.0047,0.00421,0.00398,0.00407,0.00415,0.00418,0.00417,0.00423,0.00444,0.00458,0.00467,0.00534,0.00521,0.00502,0.00485,0.00477,0.00469,0.00454,0.00418,0.00377,0.00268,0.00285,0.00308,0.00272
Cape Verde,0,0.0000087,0.0000056,0,0,0,0,0,0,0,0,0,0,0,0,0,0,0,0,0,0,0,0,0,0,0,0,0,0,0
Central African Republic,0.00153,0.00425,0.00643,0.0145,0.0152,0.0105,0.0111,0.0113,0.0124,0.0139,0.0153,0.0132,0.0133,0.0115,0.00632,0.00608,0.003,0.00179,0.00174,0.00624,0.00492,0.00379,0.00316,0.00322,0.00172,0.00163,0.00267,0.00218,0.00143,0.00151
Chad,0,0,0.000011,0.0000107,0.0000161,0.0000143,0.0000138,0.0000402,0.00113,0.00292,0.00212,0.00149,0.00371,0.0156,0.0267,0.0273,0.0274,0.0272,0.0296,0.0293,0.0291,0.0296,0.0292,0.0329,0.0331,0.0262,0.0269,0.0274,0.0292,0.0278
Chile,0.0000044,0.0000053,0.0000103,0.0000171,0.0000153,0.0000197,0.0000215,0.0000187,0.0000204,0.0000213,0.0000237,0.0000251,0.0000263,0.0000294,0.0000355,0.0000498,0.0000693,0.0000832,0.0000965,0.0000911,0.000095,0.0000971,0.0000974,0.0000992,0.0000998,0.000103,0.0000954,0.0000997,0.000109,0.000108
China,0.000244,0.000242,0.000239,0.000236,0.000233,0.000232,0.000232,0.000231,0.00023,0.000229,0.000228,0.000227,0.000227,0.000228,0.000226,0.000226,0.000225,0.000224,0.000222,0.000221,0.00022,0.000219,0.000217,0.000216,0.000215,0.000214,0.000224,0.000226,0.000225,0.000212
Colombia,0.0000139,0.0000133,0.0000139,0.0000085,0.0000088,0.000006,0.0000059,0.0000059,0.0000059,0.0000059,0.000006,0.0000052,0.000005,0.0000045,0.0000034,0.0000036,0.0000033,0.0000038,0.0000038,0.0000044,0.0000047,0.0000048,0.0000048,0.0000048,0.0000045,0.0000048,0.0000054,0.0000049,0.0000062,0.0000128
Comoros,0,0,0,0,0,0,0,0,0,0.000017,0.0000203,0.0000234,0,0,0,0.0000016,0.0000016,0,0,0,0,0,0,0,0,0,0,0,0,0
"Congo, Dem. Rep.",0.012,0.0134,0.0105,0.0147,0.0428,0.0345,0.0158,0.00679,0.00536,0.00621,0.00706,0.00748,0.00668,0.00455,0.00376,0.00373,0.00368,0.00303,0.00257,0.00298,0.00258,0.00229,0.000943,0.00159,0.00162,0.00502,0.00574,0.0066,0.00629,0.00603
"Congo, Rep.",0.00127,0.0014,0.00136,0.00533,0.0059,0.00717,0.00734,0.00722,0.00921,0.0131,0.0394,0.037,0.033,0.0268,0.0195,0.0182,0.0149,0.00993,0.00618,0.0269,0.0311,0.0321,0.0218,0.011,0.0116,0.00926,0.00933,0.00949,0.00715,0.00477
Costa Rica,0.0885,0.0367,0.0348,0.00736,0.00712,0.00683,0.00638,0.00622,0.00604,0.00589,0.00139,0.00201,0.00303,0.00324,0.00246,0.00263,0.00265,0.0039,0.00406,0.00423,0.00426,0.00433,0.00436,0.00434,0.00433,0.000746,0.000853,0.000902,0.00091,0.00123
Cote d'Ivoire,0.0228,0.0186,0.0136,0.019,0.0262,0.021,0.0223,0.0138,0.0097,0.00863,0.00733,0.00749,0.0026,0.00432,0.00401,0.00227,0.00145,0.00129,0.00127,0.00123,0.00128,0.00115,0.000185,0.000135,0.000085,0.0000852,0.0000587,0.0000632,0.0000722,0.0000786
Croatia,0,0,0.0851,0.0611,0.0394,0.043,0.0362,0.0152,0.00646,0.00637,0.00507,0.00496,0.00191,0.001,0.000836,0.000669,0.000559,0.000376,0.000367,0.000285,0.000216,0.000191,0.000169,0.00016,0.000171,0.000123,0.0000722,0.000107,0.000189,0.000222
Cuba,0.000376,0,0.000474,0.000334,0.000185,0.000168,0.000155,0.000117,0.0000967,0.0000872,0.0000857,0.0000928,0.0000897,0.0000744,0.0000707,0.0000627,0.0000592,0.0000547,0.0000467,0.0000404,0.0000366,0.0000342,0.000033,0.000034,0.0000248,0.0000268,0.0000279,0.0000298,0.0000253,0.0000209
Cyprus,0.000043,0.0000766,0.0000999,0.0001,0.0000788,0.0000643,0.0000561,0.0000483,0.0000924,0.000126,0.0000806,0.0000864,0.000177,0.000351,0.000525,0.000682,0.000884,0.00112,0.00135,0.00263,0.00305,0.00311,0.0032,0.00339,0.00445,0.00609,0.00725,0.00826,0.00926,0.0103
Czech Republic,0,0.0000668,0.000908,0.0000181,0.000115,0.000256,0.000219,0.000167,0.000175,0.00012,0.000115,0.000118,0.000126,0.000148,0.000112,0.000176,0.000183,0.000197,0.000202,0.000221,0.000232,0.000232,0.000265,0.000281,0.000296,0.000344,0.000343,0.000336,0.000205,0.000192
Denmark,0.0064,0.00701,0.00756,0.00859,0.00951,0.0124,0.0126,0.0129,0.013,0.013,0.0133,0.0137,0.0137,0.013,0.0121,0.00818,0.00673,0.0049,0.00426,0.00368,0.00323,0.0024,0.00211,0.00234,0.00314,0.0048,0.00587,0.00621,0.00637,0.0065
Djibouti,0.131,0.158,0.0455,0.0551,0.0537,0.0433,0.039,0.0357,0.0347,0.0332,0.0324,0.0316,0.0291,0.0356,0.0234,0.0133,0.0117,0.00826,0.0113,0.0146,0.018,0.0238,0.022,0.0227,0.0228,0.0212,0.019,0.0186,0.0191,0.0202
Dominica,0,0,0,0,0,0,0,0,0,0,0,0,0,0,0,0,0,0,0,0,0,0,0,0,0,0,0,0,0,0
Dominican Republic,0.000276,0.000216,0.0000688,0.000176,0.000163,0.000126,0.0000805,0.0000789,0.0000747,0.0000749,0.0000602,0,0,0,0,0,0,0,0,0,0.0000618,0.0000606,0.0000763,0.0000718,0.0000598,0.0000598,0.0000569,0.0000551,0.000016,0.0000159
Ecuador,0.0000498,0.0000267,0.000019,0.0000217,0.0000218,0.0000176,0.000018,0.000019,0.0000203,0.0000252,0.000126,0.000133,0.000246,0.000477,0.000621,0.000728,0.000838,0.0185,0.00698,0.00789,0.00808,0.0081,0.008,0.00784,0.00766,0.0075,0.00624,0.0055,0.00594,0.00602
Egypt,0.0000355,0.0000391,0.0000939,0.000112,0.000118,0.0000867,0.0000949,0.0001,0.0000948,0.0000971,0.0000994,0.000103,0.00113,0.00122,0.00122,0.00118,0.00115,0.00125,0.00123,0.00116,0.00115,0.00112,0.00127,0.0026,0.00261,0.0023,0.00226,0.00241,0.00251,0.00257
El Salvador,0.00385,0.00376,0.00367,0.0000297,0.000028,0.0000274,0.0000264,0.000019,0.0000057,0.0000041,0.00001,0.0000116,0.0000124,0.000041,0.000039,0.0000081,0.0000064,0.0000064,0.0000052,0.0000049,0.0000061,0.0000061,0.0000072,0.000007,0.0000056,0.0000076,0.0000071,0.0000047,0.0000075,0.0000081
Equatorial Guinea,0,0,0,0,0,0,0,0,0,0,0,0,0,0,0,0,0,0,0,0,0,0,0,0,0,0,0,0,0,0
Eritrea,0,0,0,0.0000013,0.000318,0.000491,0.000959,0.00119,0.00113,0.00133,0.000866,0.000957,0.00146,0.0015,0.00156,0.00156,0.00158,0.00168,0.00159,0.00152,0.00152,0.00147,0.00111,0.000965,0.000875,0.000762,0.000694,0.000701,0.000652,0.0000569
Estonia,0,0,0,0,0,0,0,0,0,0,0.0000029,0.0000079,0.0000072,0.0000087,0.0000081,0.0000052,0.0000037,0.0000134,0.0000164,0.000018,0.0000293,0.0000377,0.0000476,0.0000531,0.0000684,0.000128,0.000245,0.000288,0.000246,0.000252
Eswatini,0.0512,0.0586,0.0641,0.0551,0.000708,0.000768,0.000608,0.000614,0.000604,0.00062,0.000686,0.000681,0.000641,0.000671,0.000686,0.000737,0.000726,0.000757,0.000738,0.000718,0.000713,0.000708,0.000468,0.000466,0.00047,0.00063,0.000654,0.00068,0.000774,0.000823
Ethiopia,0.0162,0.0107,0.0084,0.00512,0.00631,0.0069,0.00663,0.00532,0.00419,0.004,0.00299,0.00224,0.0019,0.00181,0.00156,0.00132,0.00124,0.00106,0.00101,0.00143,0.00176,0.0032,0.00406,0.00455,0.00672,0.0073,0.00764,0.00836,0.00827,0.00654
Fiji,0,0,0,0,0,0.0000116,0.0000115,0,0,0,0,0,0,0,0,0,0,0,0,0.0000023,0.0000012,0.0000081,0.0000069,0.0000058,0.000015,0.0000138,0.0000138,0.000008,0.0000045,0.0000146
Finland,0.00047,0.000909,0.00118,0.00168,0.00187,0.00199,0.00222,0.00233,0.00238,0.00249,0.00256,0.00245,0.0024,0.00207,0.00216,0.00225,0.00224,0.00117,0.00124,0.00139,0.00163,0.0017,0.00183,0.00207,0.00216,0.00232,0.00335,0.00376,0.00404,0.00424
France,0.00341,0.00307,0.00274,0.0029,0.00339,0.00269,0.00261,0.00252,0.0024,0.00221,0.00225,0.00222,0.00221,0.00217,0.0023,0.00225,0.00237,0.00245,0.00275,0.00314,0.00319,0.00332,0.00343,0.00364,0.00393,0.00424,0.00471,0.0052,0.00567,0.00626
Gabon,0.000439,0.000226,0.000271,0,0.000565,0.000729,0.000717,0.000755,0.000961,0.0126,0.0146,0.0124,0.0105,0.0106,0.0102,0.00615,0.00589,0.00599,0.00593,0.00564,0.00555,0.00105,0.00095,0.000877,0.000538,0.000484,0.000464,0.0004,0.000324,0.000211
Gambia,0.0000816,0.000243,0.00353,0.00206,0.00202,0.00585,0.00595,0.00606,0.00834,0.0135,0.00912,0.00598,0.00863,0.00515,0.00491,0.00475,0.00865,0.00908,0.00878,0.00581,0.00467,0.00516,0.00517,0.00487,0.00574,0.00377,0.00369,0.00363,0.00177,0.00183
Georgia,0,0,0,0,0,0.0000201,0.0000196,0.0000344,0.0000044,0.00116,0.00175,0.00184,0.000984,0.000912,0.000606,0.000593,0.000328,0.000251,0.00024,0.000211,0.000156,0.000113,0.000115,0.000209,0.000212,0.000492,0.000529,0.000516,0.000497,0.00034
Germany,0.0103,0.0103,0.0155,0.0176,0.0168,0.0156,0.0156,0.0129,0.0117,0.012,0.0111,0.0111,0.012,0.0118,0.0107,0.00858,0.00743,0.00712,0.00719,0.00734,0.00735,0.00707,0.00728,0.00231,0.00266,0.00387,0.00815,0.0117,0.0128,0.0137
Ghana,0.00055,0.000534,0.000774,0.00932,0.00686,0.00489,0.00204,0.00128,0.000793,0.000705,0.00066,0.000597,0.00166,0.00212,0.00198,0.00245,0.00201,0.00152,0.000773,0.000565,0.000558,0.000535,0.000616,0.000702,0.000678,0.000625,0.000417,0.000417,0.0004,0.000393
Greece,0.00083,0.000871,0.000811,0.000747,0.000731,0.000412,0.000534,0.000506,0.00056,0.00057,0.0006,0.000624,0.000249,0.000247,0.000221,0.000213,0.000205,0.0002,0.000196,0.000155,0.000133,0.000145,0.000195,0.000324,0.000963,0.00233,0.00437,0.00368,0.00584,0.00768
Grenada,0,0,0,0,0,0,0,0,0,0,0,0,0,0,0,0,0,0,0,0,0,0.0000281,0,0,0,0.0000091,0.0000091,0,0.0000179,0.0000268
Guatemala,0.0241,0.0235,0.023,0.000472,0.000459,0.000144,0.000147,0.000138,0.0000732,0.0000643,0.0000618,0.0000611,0.00006,0.0000572,0.0000513,0.0000299,0.0000285,0.0000277,0.0000093,0.0000092,0.0000094,0.0000098,0.0000104,0.0000103,0.0000103,0.0000139,0.0000181,0.0000213,0.0000226,0.0000237
Guinea,0.0512,0.0839,0.0712,0.0837,0.0781,0.0925,0.0889,0.0568,0.0614,0.0623,0.0518,0.0212,0.0212,0.0211,0.0156,0.00697,0.00338,0.00265,0.00221,0.00154,0.00138,0.00159,0.000974,0.000786,0.000786,0.000773,0.000432,0.000427,0.000346,0.000389
Guinea-Bissau,0.00308,0.00464,0.0119,0.0199,0.0224,0.0141,0.0139,0.0141,0.00572,0.00605,0.00632,0.00598,0.00609,0.00588,0.00574,0.00566,0.00567,0.00557,0.00545,0.00532,0.00504,0.00499,0.00485,0.00518,0.00513,0.005,0.0052,0.00612,0.00259,0.000964
Guyana,0,0,0,0,0,0,0,0.0000013,0,0,0,0,0,0,0,0,0,0,0,0,0.0000093,0.0000093,0.0000093,0.0000145,0.0000144,0.0000143,0.0000143,0.000009,0.0000295,0.0000217
Haiti,0,0,0,0,0,0,0,0,0,0,0,0,0,0,0,0,0,0.0000001,0.0000003,0.0000003,0,0,0,0,0.0000003,0.0000003,0.0000005,0,0.0000007,0.0000002
Honduras,0.0478,0.02,0.0191,0.000012,0.0000187,0.000011,0.0000107,0.0000015,0.0000014,0.0000014,0.0000018,0.000003,0.0000042,0.0000032,0.0000032,0.0000029,0.0000029,0.0000028,0.000003,0.0000023,0.0000017,0.000002,0.0000019,0.0000018,0.0000029,0.0000033,0.0000017,0.0000018,0.0000028,0.0000078
Hungary,0.00435,0.00713,0.00313,0.000292,0.000281,0.0011,0.000729,0.000571,0.000341,0.000487,0.000495,0.000462,0.000599,0.000693,0.000762,0.000798,0.000803,0.000811,0.000776,0.000607,0.000545,0.000516,0.000411,0.000248,0.000292,0.000449,0.000487,0.00058,0.000622,0.000596
Iceland,0.000333,0.000547,0.000592,0.000609,0.000604,0.000736,0.000859,0.000953,0.00107,0.000914,0.00087,0.000753,0.000726,0.00083,0.000821,0.000993,0.000891,0.000161,0.000158,0.000196,0.000259,0.000179,0.000184,0.000241,0.000301,0.000542,0.000539,0.00096,0.0017,0.0027
India,0.000244,0.000236,0.000284,0.000283,0.000273,0.000236,0.000238,0.000223,0.000182,0.000173,0.000162,0.000158,0.000154,0.000148,0.000144,0.000121,0.000136,0.000137,0.000154,0.000152,0.00015,0.000148,0.000147,0.000147,0.000154,0.000154,0.000149,0.000147,0.000145,0.000143
Indonesia,0.0000181,0.0000171,0.0000188,0.0000126,0.0000005,0.0000001,0.0000003,0.0000002,0.0000002,0.000779,0.00058,0.000343,0.000132,0.0000011,0.0000008,0.0000004,0.0000013,0.0000014,0.0000016,0.0000033,0.0000034,0.0000041,0.0000073,0.0000127,0.0000167,0.0000231,0.0000299,0.0000369,0.0000403,0.000038
Iran,0.0741,0.0764,0.0706,0.0418,0.0369,0.0337,0.0326,0.0314,0.0302,0.0283,0.0285,0.0281,0.0194,0.0145,0.0152,0.014,0.0137,0.0135,0.0136,0.0147,0.0146,0.0119,0.0115,0.0112,0.0127,0.0125,0.0123,0.0121,0.012,0.0118
Iraq,0.0000517,0.00492,0.00625,0.00575,0.00612,0.00579,0.00543,0.00485,0.0047,0.00565,0.00544,0.00529,0.00538,0.00182,0.00175,0.00186,0.00162,0.00152,0.00139,0.00122,0.00117,0.00115,0.0031,0.00743,0.00788,0.00781,0.00715,0.00739,0.00736,0.00697
Ireland,0.000103,0.0000853,0.000142,0.0000336,0.000112,0.000111,0.0000191,0.000118,0.000163,0.00076,0.000672,0.000936,0.00138,0.0015,0.00161,0.00172,0.00187,0.00216,0.0022,0.00213,0.002,0.0018,0.00137,0.0013,0.00127,0.00132,0.00122,0.00133,0.00125,0.0016
Israel,0,0,0,0,0,0,0,0,0.0000047,0.000022,0.000685,0.000688,0.000677,0.000666,0.0000897,0.0000933,0.000125,0.000169,0.0013,0.00247,0.00347,0.00551,0.00637,0.00623,0.00506,0.00413,0.00406,0.00311,0.00222,0.00189
Italy,0.00019,0.000172,0.000162,0.000879,0.00128,0.0013,0.00113,0.00117,0.0000965,0.000106,0.000121,0.000151,0.000176,0.000223,0.000271,0.000355,0.000459,0.000648,0.000799,0.00093,0.000951,0.000974,0.00108,0.00127,0.00155,0.00195,0.00243,0.00276,0.00312,0.00343
Jamaica,0,0.0000016,0.0000366,0.0000254,0.0000163,0.0000091,0.0000098,0.0000128,0.0000142,0.0000141,0.0000143,0,0,0,0,0,0,0,0,0.0000093,0.0000075,0.0000071,0.000007,0.0000073,0.0000077,0.0000042,0.0000052,0.0000027,0.0000051,0.0000003
Japan,0.0000548,0.0000512,0.0000532,0.0000517,0.0000471,0.000043,0.0000417,0.0000382,0.0000353,0.0000333,0.0000294,0.0000251,0.0000208,0.0000177,0.0000153,0.0000151,0.0000144,0.000014,0.0000157,0.0000181,0.0000201,0.0000206,0.0000201,0.0000201,0.00002,0.0000193,0.0000197,0.0000172,0.0000149,0.0000115
Jordan,0.261,0.266,0.27,0.273,0.276,0.281,0.287,0.297,0.301,0.307,0.314,0.319,0.32,0.32,0.319,0.317,0.394,0.384,0.374,0.353,0.337,0.317,0.289,0.318,0.311,0.303,0.299,0.296,0.296,0.294
Kazakhstan,0,0,0,0.000309,0.000314,0.000982,0.000997,0.00101,0.000549,0.000985,0.00138,0.00131,0.00138,0.00105,0.00104,0.000472,0.000284,0.000273,0.000274,0.000271,0.000271,0.0000374,0.0000337,0.0000343,0.0000366,0.0000403,0.0000366,0.0000333,0.0000313,0.0000282
Kenya,0.000601,0.0049,0.0159,0.0115,0.00937,0.00845,0.00782,0.00789,0.00787,0.00719,0.00645,0.00728,0.00692,0.00685,0.00673,0.00686,0.00724,0.00687,0.00806,0.00878,0.00959,0.0131,0.0127,0.0118,0.0118,0.0116,0.0092,0.0086,0.0082,0.00835
Kiribati,0,0,0,0,0,0,0,0,0,0,0,0,0,0,0,0,0,0,0,0,0,0,0,0,0,0,0,0,0,0
Kuwait,0,0.0224,0.0235,0.0169,0.0181,0.00206,0.00235,0.00221,0.00228,0.00222,0.00136,0.000597,0.000712,0.000702,0.00069,0.000671,0.0000211,0.0152,0.0144,0.0000783,0.0000615,0.000106,0.000201,0.00018,0.000166,0.000193,0.000237,0.00015,0.000163,0.000164
Kyrgyz Republic,0,0,0,0.00474,0.0047,0.00294,0.00361,0.00325,0.00304,0.00223,0.00216,0.00187,0.00154,0.00112,0.000745,0.000512,0.0000714,0.00014,0.0000714,0.0000793,0.000453,0.0011,0.000879,0.0000813,0.0000825,0.0000594,0.0000558,0.000054,0.0000528,0.000055
Lao,0,0,0,0,0,0,0,0,0.0000004,0,0,0,0,0,0,0,0,0,0,0,0,0,0,0,0,0,0,0,0,0.0000001
Latvia,0,0,0,0,0,0,0,0,0.0000008,0.0000025,0.0000029,0.0000034,0.000003,0.0000074,0.0000048,0.0000049,0.0000094,0.0000132,0.0000147,0.00002,0.0000321,0.0000454,0.0000604,0.0000782,0.0000905,0.000104,0.000177,0.000327,0.000347,0.000352
Lebanon,0.109,0.108,0.106,0.102,0.0995,0.0986,0.0983,0.0998,0.101,0.101,0.0996,0.0972,0.0937,0.0905,0.0877,0.0862,0.09,0.0974,0.0992,0.0989,0.0936,0.0856,0.104,0.221,0.257,0.234,0.22,0.215,0.208,0.204
Lesotho,0.000126,0.000126,0.0000656,0.0000329,0.0000312,0,0,0,0,0.0000005,0,0.0000192,0,0,0,0,0,0,0,0,0,0.000017,0.0000169,0.0000148,0.0000215,0.0000151,0.0000217,0.0000239,0.000027,0.0000692
Liberia,0,0,0.05,0.076,0.0605,0.0587,0.0556,0.0545,0.0383,0.0357,0.0243,0.0185,0.0215,0.011,0.00484,0.00316,0.00486,0.00302,0.00283,0.00185,0.00636,0.0319,0.0159,0.0125,0.00885,0.00816,0.00414,0.00236,0.00189,0.00167
Libya,0,0,0,0.000249,0.000412,0.000803,0.00154,0.00166,0.00203,0.002,0.00215,0.00214,0.00211,0.00212,0.00213,0.0021,0.000469,0.000686,0.00111,0.00147,0.00128,0.00162,0.00112,0.00404,0.0044,0.00145,0.00143,0.00142,0.00132,0.000699
Liechtenstein,0,0,0,0,0,0,0,0,0,0,0.00211,0.0042,0.00378,0.00436,0.00433,0.00432,0.00792,0.00804,0.00251,0.00255,0.00256,0.00259,0.00279,0.00263,0.00277,0.004,0.00433,0.00407,0.00443,0.00347
Lithuania,0,0,0,0,0,0,0,0.0000017,0.0000096,0.0000125,0.0000157,0.0000826,0.000107,0.000118,0.000139,0.000159,0.000161,0.000211,0.000234,0.00025,0.000257,0.000266,0.000286,0.000304,0.000339,0.000373,0.000378,0.000547,0.000619,0.000662
Luxembourg,0.0018,0.00179,0.00564,0.000567,0.000746,0.00172,0.00169,0.00167,0.00164,0.00162,0.00174,0.00273,0.00271,0.00268,0.00352,0.00398,0.00474,0.00576,0.0064,0.00651,0.00641,0.0055,0.00548,0.0017,0.002,0.00235,0.00353,0.00337,0.00339,0.00418
Madagascar,0,0,0,0,0.0000056,0,0,0,0,0.0000018,0.0000032,0.0000021,0,0,0,0,0,0,0,0,0,0.0000004,0.0000004,0.0000005,0.0000005,0.0000004,0.0000011,0.0000013,0.0000017,0.0000043
Malawi,0.0985,0.102,0.109,0.0735,0.00926,0.000103,0.000126,0.0000273,0.000118,0.000157,0.00035,0.000542,0.000185,0.000267,0.000299,0.000336,0.000304,0.00022,0.000304,0.000385,0.000395,0.000422,0.000425,0.000366,0.000361,0.000539,0.000546,0.000508,0.00076,0.000756
Malaysia,0.000824,0.000753,0.0006,0.0000079,0.000266,0.000258,0.000253,0.000245,0.00229,0.00223,0.00218,0.00213,0.00209,0.000301,0.000989,0.00131,0.00142,0.00122,0.00135,0.00238,0.00289,0.00303,0.0031,0.00331,0.00333,0.00311,0.00301,0.00334,0.00385,0.00404
Maldives,0,0,0,0,0,0,0,0,0,0,0,0,0,0,0,0,0,0,0,0,0,0,0,0,0,0,0,0,0,0
Mali,0.00159,0.00152,0.00148,0.00168,0.00169,0.00187,0.00185,0.00124,0.00131,0.00078,0.000769,0.000749,0.000783,0.000835,0.00091,0.000879,0.000802,0.000674,0.000679,0.000928,0.000901,0.00101,0.000872,0.00087,0.000897,0.000913,0.000975,0.00092,0.00139,0.00136
Malta,0,0,0,0.00136,0.00115,0.0011,0.000965,0.000894,0.000764,0.000694,0.000483,0.000444,0.00077,0.00223,0.00387,0.00479,0.00592,0.00736,0.0106,0.0145,0.0148,0.0166,0.0196,0.0232,0.0142,0.0163,0.0182,0.0182,0.0195,0.0202
Marshall Islands,0,0,0,0,0,0,0,0,0,0,0,0,0,0,0,0,0,0,0,0,0,0,0,0,0,0,0,0,0,0
Mauritania,0.0295,0.0169,0.0175,0.0234,0.0365,0.0149,0.00669,0.00309,0.0000104,0.0000871,0.000133,0.000135,0.000146,0.000166,0.000161,0.000209,0.000247,0.00951,0.0082,0.0079,0.00765,0.00737,0.0217,0.0243,0.0192,0.0191,0.0178,0.0181,0.0189,0.0188
Mauritius,0,0,0,0,0,0,0,0,0,0.0000366,0,0.0000117,0,0,0,0,0,0,0,0,0,0,0,0,0,0,0,0,0.000011,0.0000158
Mexico,0.00425,0.00421,0.00415,0.000592,0.000525,0.000422,0.000371,0.000337,0.000294,0.000251,0.000187,0.000154,0.000127,0.0000589,0.0000416,0.0000305,0.0000309,0.0000148,0.0000095,0.000011,0.0000122,0.0000145,0.000013,0.0000154,0.0000153,0.000024,0.0000503,0.0000718,0.000131,0.000224
"Micronesia, Fed. Sts.",0,0,0,0,0,0,0,0,0,0,0,0,0,0,0,0,0.000019,0.0000191,0.0000097,0.0000097,0,0,0,0,0,0.0000276,0.0000363,0,0,0
Moldova,0,0,0,0,0,0,0,0,0,0.0000019,0.0000162,0.000038,0.0000414,0.0000244,0.0000137,0.0000202,0.0000388,0.0000366,0.000036,0.0000344,0.0000362,0.0000358,0.0000454,0.0000614,0.0000822,0.00011,0.000106,0.0000914,0.000103,0.000105
Monaco,0,0,0,0,0,0,0,0,0,0,0,0,0,0,0,0,0,0,0,0,0,0.00103,0.00101,0.000921,0.000884,0.000848,0.000841,0.000651,0.000646,0.000565
Mongolia,0,0,0,0,0,0,0,0,0,0,0,0,0,0,0,0,0.000002,0.0000019,0.0000042,0.0000041,0.0000044,0.0000004,0.0000014,0.0000031,0.000002,0.000003,0.0000026,0,0.0000022,0.0000019
Montenegro,0,0,0,0,0,0,0,0,0,0,0,0,0,0,0,0,0.0112,0.0138,0.0398,0.0386,0.0262,0.0206,0.0179,0.0135,0.0103,0.00282,0.00155,0.00126,0.00116,0.00105
Morocco,0.0000125,0.0000127,0.0000124,0.0000128,0.0000126,0.000002,0.0000019,0.0000021,0.0000321,0.0000317,0.0000731,0.0000718,0.0000722,0.0000712,0.0000704,0.0000072,0.0000163,0.0000252,0.0000243,0.0000242,0.0000245,0.0000225,0.0000224,0.0000436,0.0000356,0.000113,0.000136,0.000132,0.000165,0.000182
Mozambique,0.0000323,0.0000315,0.0000217,0.0000141,0.0000215,0.0000083,0.0000124,0.0000044,0.0000031,0.0000128,0.0000117,0.0000114,0.000011,0.0000161,0.0000313,0.0000953,0.000121,0.000128,0.000142,0.000155,0.000173,0.000169,0.000177,0.000174,0.000173,0.000208,0.000168,0.00017,0.000166,0.000155
Myanmar,0,0,0,0,0,0,0,0,0,0,0,0,0,0,0,0,0,0,0,0,0,0,0,0,0,0,0,0,0,0
Namibia,0,0.0000921,0.000113,0.000376,0.000719,0.00103,0.00133,0.00148,0.00221,0.00432,0.0152,0.0169,0.0117,0.0105,0.00774,0.00274,0.00277,0.00325,0.00333,0.00344,0.00342,0.0028,0.000823,0.00104,0.000777,0.00075,0.000745,0.000906,0.00098,0.00128
Nauru,0,0,0,0,0,0,0,0,0,0,0,0,0,0,0,0,0,0,0,0,0,0,0,0,0.0378,0.0488,0.0483,0.0893,0.0901,0.0709
Nepal,0.000941,0.00146,0.00478,0.00514,0.00586,0.00578,0.00574,0.00572,0.00547,0.00544,0.0054,0.00538,0.00536,0.00493,0.00491,0.00491,0.00492,0.00495,0.00468,0.00403,0.00332,0.00269,0.00208,0.00172,0.00143,0.00121,0.000926,0.000777,0.000741,0.000684
Netherlands,0.00116,0.00126,0.00196,0.00285,0.00404,0.00517,0.00659,0.00754,0.00835,0.00876,0.00918,0.00948,0.00921,0.0087,0.00779,0.00722,0.00612,0.00525,0.00468,0.00457,0.00449,0.00446,0.00428,0.00444,0.00488,0.00523,0.00599,0.0061,0.00597,0.00552
New Zealand,0.00137,0.00486,0.00494,0.00111,0.00101,0.00102,0.00102,0.000972,0.00108,0.00126,0.00128,0.00135,0.00145,0.00144,0.00131,0.00128,0.00117,0.000647,0.000635,0.000761,0.000528,0.000438,0.00034,0.000311,0.000295,0.00029,0.000305,0.0003,0.00033,0.000574
Nicaragua,0.00383,0.0035,0.00331,0.00126,0.0000689,0.000124,0.000118,0.0000963,0.0000965,0.0000944,0.0000655,0.0000632,0.0000623,0.0000567,0.0000544,0.0000417,0.0000361,0.0000329,0.0000259,0.0000209,0.000011,0.0000146,0.0000216,0.0000312,0.0000456,0.000053,0.0000525,0.0000504,0.0000504,0.00005
Niger,0.0000987,0.000167,0.000432,0.00188,0.00164,0.00291,0.00263,0.000725,0.00035,0.000032,0.0000051,0.0000071,0.0000243,0.0000259,0.0000262,0.0000221,0.0000224,0.0000217,0.000021,0.0000205,0.0000191,0.0000176,0.00284,0.00312,0.00405,0.00624,0.00799,0.00767,0.00782,0.00772
Nigeria,0.0000375,0.0000366,0.0000477,0.000047,0.0000572,0.0000752,0.0000767,0.00008,0.0000583,0.0000582,0.0000595,0.0000574,0.0000572,0.0000695,0.000062,0.0000649,0.0000615,0.0000578,0.0000674,0.0000591,0.0000552,0.0000541,0.0000189,0.0000099,0.000007,0.0000077,0.0000074,0.00001,0.000177,0.00027
North Korea,0,0,0,0,0,0,0,0,0,0,0,0,0,0,0,0,0,0,0,0,0,0,0,0,0,0,0,0,0,0
North Macedonia,0,0,0.0161,0.0159,0.00751,0.00456,0.00256,0.00175,0.000845,0.0105,0.00445,0.00214,0.00137,0.000094,0.000488,0.000618,0.000601,0.000598,0.000809,0.000745,0.000675,0.000545,0.000519,0.000473,0.000425,0.000337,0.000306,0.000196,0.000198,0.000169
Norway,0.00461,0.00681,0.00695,0.00889,0.0103,0.0109,0.011,0.0107,0.0102,0.00971,0.0106,0.0111,0.0111,0.0101,0.00958,0.00929,0.00927,0.00731,0.00757,0.00784,0.00824,0.00822,0.00854,0.00908,0.00915,0.00969,0.0113,0.0112,0.0107,0.01
Oman,0,0,0,0,0,0,0,0,0,0,0,0,0,0,0.0000029,0.0000028,0.0000027,0.0000026,0.0000025,0.000009,0.0000256,0.0000255,0.0000395,0.0000367,0.0000375,0.0000574,0.0000708,0.000066,0.0000638,0.0000617
Pakistan,0.0302,0.028,0.0143,0.0126,0.00877,0.00972,0.00944,0.00918,0.00892,0.00867,0.0141,0.0151,0.00821,0.00734,0.00824,0.00677,0.00637,0.0121,0.0104,0.00992,0.0106,0.00929,0.00875,0.00845,0.00771,0.00783,0.00664,0.0067,0.00662,0.00656
Palau,0,0,0,0,0,0,0,0,0,0,0,0,0,0,0,0,0,0,0,0.000601,0,0.0000563,0.0000567,0.0000568,0.0000567,0,0.0000564,0,0,0
Palestine,0.433,0.442,0.449,0.454,0.457,0.459,0.456,0.456,0.449,0.444,0.443,0.448,0.453,0.461,0.466,0.471,0.475,0.478,0.476,0.476,0.497,0.457,0.458,0.46,0.463,0.465,0.466,0.466,0.467,0.464
Panama,0.000546,0.000362,0.000391,0.000367,0.000362,0.000316,0.00031,0.000218,0.000408,0.000445,0.000433,0.000476,0.0005,0.00045,0.000492,0.00052,0.000545,0.00489,0.00481,0.00473,0.00469,0.00466,0.00462,0.00461,0.00443,0.00436,0.0043,0.000578,0.000603,0.000602
Papua New Guinea,0.00154,0.00129,0.00138,0.00155,0.00167,0.00185,0.00191,0.00151,0.00147,0.00117,0.001,0.000827,0.00081,0.0012,0.0012,0.00154,0.00153,0.00147,0.00143,0.00136,0.00133,0.00125,0.00123,0.0012,0.0012,0.00117,0.00115,0.00119,0.00117,0.00111
Paraguay,0.0000156,0.0000152,0.0000101,0.0000114,0.0000129,0.0000126,0.0000108,0.0000094,0.0000059,0.0000036,0.0000039,0.0000039,0.0000038,0.000005,0.0000072,0.0000086,0.00001,0.0000103,0.0000123,0.0000144,0.0000171,0.0000196,0.0000207,0.0000209,0.0000232,0.0000257,0.0000301,0.0000284,0.0000382,0.000144
Peru,0.0000328,0.0000303,0.0000279,0.0000315,0.0000276,0.0000251,0.0000268,0.0000297,0.0000169,0.0000269,0.000026,0.0000255,0.0000254,0.0000262,0.0000277,0.0000304,0.0000324,0.0000351,0.0000376,0.0000385,0.0000395,0.0000391,0.000038,0.000039,0.0000433,0.0000488,0.0000533,0.0000559,0.0000791,0.0000886
Philippines,0.000321,0.000141,0.000103,0.0000372,0.0000098,0.0000112,0.0000097,0.0000043,0.0000041,0.0000022,0.0000023,0.0000017,0.0000014,0.0000013,0.0000013,0.0000011,0.0000011,0.0000012,0.0000011,0.000001,0.0000026,0.0000013,0.0000015,0.0000018,0.0000022,0.0000026,0.0000039,0.0000046,0.000006,0.0000064
Poland,0,0.0000144,0.0000712,0.0000211,0.0000102,0.0000156,0.0000156,0.0000217,0.0000233,0.0000244,0.0000265,0.000034,0.0000413,0.0000478,0.0000653,0.00012,0.000177,0.000262,0.000333,0.000399,0.000406,0.000414,0.000416,0.000431,0.000413,0.00037,0.000309,0.000321,0.00033,0.000335
Portugal,0.0000876,0.000101,0.000179,0.00006,0.0000247,0.0000246,0.0000304,0.0000314,0.0000332,0.000037,0.0000421,0.0000434,0.0000445,0.0000401,0.000036,0.0000345,0.0000316,0.0000334,0.000038,0.0000367,0.0000362,0.0000386,0.0000459,0.0000571,0.0000671,0.0000823,0.000116,0.000152,0.000208,0.000233
Qatar,0,0,0,0,0,0,0,0,0,0.0000105,0.0000523,0.000109,0.0000718,0.0000675,0.0000611,0.0000532,0.000045,0.0000378,0.000009,0.0000175,0.0000275,0.0000393,0.0000364,0.0000556,0.0000541,0.0000468,0.0000667,0.000069,0.0000683,0.0000717
Romania,0,0.0000278,0.0000222,0.0000503,0.0000506,0.0000084,0.0000118,0.0000283,0.000044,0.0000557,0.0000761,0.0000821,0.000085,0.0000926,0.0000754,0.000096,0.0000781,0.0000835,0.0000766,0.0000518,0.0000499,0.0000494,0.0000624,0.0000879,0.000109,0.00013,0.000147,0.000197,0.000213,0.0002
Russia,0,0,0,0,0,0,0.00167,0.00161,0.000872,0.000545,0.000179,0.000123,0.000103,0.0000685,0.0000129,0.0000106,0.0000099,0.0000116,0.0000243,0.000034,0.0000343,0.0000272,0.0000221,0.000024,0.00163,0.00217,0.00158,0.000866,0.000531,0.000291
Rwanda,0.00324,0.0048,0.00375,0.0442,0.00101,0.00134,0.0042,0.00533,0.0048,0.00458,0.00358,0.00423,0.00366,0.00428,0.00579,0.00511,0.00544,0.00578,0.00578,0.00552,0.00552,0.00537,0.00552,0.00678,0.00666,0.0127,0.0134,0.0143,0.0118,0.0115
Samoa,0,0,0,0,0,0,0,0,0,0,0,0,0,0,0,0,0,0,0,0,0,0,0,0,0,0,0.0000154,0,0.0000153,0
San Marino,0,0,0,0,0,0,0,0,0,0,0,0,0,0,0,0,0,0,0,0,0,0,0,0,0,0,0,0,0,0
Sao Tome and Principe,0,0,0,0,0,0,0,0,0,0,0,0,0,0,0,0,0,0,0,0,0,0,0,0,0,0,0,0,0,0
Saudi Arabia,0,0.00198,0.00166,0.00135,0.000986,0.000707,0.000518,0.000301,0.00028,0.000275,0.000257,0.0116,0.0112,0.0107,0.0104,0.0101,0.00983,0.00956,0.00929,0.0000216,0.0000212,0.0000212,0.0000198,0.0000186,0.0000181,0.0000039,0.0000043,0.0000045,0.0000079,0.0000093
Senegal,0.00772,0.00927,0.00896,0.00887,0.00863,0.00768,0.0073,0.00627,0.00651,0.00225,0.00212,0.00206,0.00201,0.00197,0.00192,0.00187,0.00181,0.00175,0.00277,0.0018,0.00163,0.00158,0.00106,0.00103,0.00101,0.000987,0.000973,0.00095,0.000906,0.000888
Serbia,0,0,0,0,0,0,0,0,0,0,0,0,0,0,0,0,0.0108,0.0108,0.0107,0.00957,0.00819,0.00789,0.00742,0.0064,0.00492,0.00398,0.00412,0.00365,0.00352,0.00301
Seychelles,0,0,0,0,0,0,0,0,0,0,0,0,0,0,0,0,0,0,0,0,0,0,0,0,0,0,0.0000209,0,0,0
Sierra Leone,0.0291,0.00645,0.00135,0.00376,0.00368,0.00109,0.00314,0.003,0.00225,0.00147,0.00143,0.00221,0.0128,0.0118,0.012,0.0106,0.00469,0.00147,0.00128,0.00144,0.0013,0.00123,0.000626,0.00041,0.000196,0.000106,0.0000932,0.0000905,0.0000774,0.0000567
Singapore,0.0000485,0.0000535,0.0000359,0.0000033,0.0000035,0.0000318,0.0000027,0.0000013,0.0000013,0.0000003,0,0.0000005,0.0000005,0.0000002,0.0000002,0.0000007,0.0000002,0.0000022,0.0000021,0.0000014,0.0000014,0.0000006,0.0000006,0.0000006,0.0000005,0,0,0,0,0.0000003
Slovak Republic,0,0,0,0.000284,0.0000296,0.000435,0.000258,0.000138,0.0000786,0.0000821,0.0000846,0.0000874,0.0000822,0.0000767,0.0000757,0.0000682,0.0000459,0.0000517,0.0000587,0.0000742,0.0000853,0.000101,0.000122,0.000129,0.000147,0.000151,0.000182,0.000163,0.000174,0.000179
Slovenia,0,0,0.037,0.0225,0.0146,0.0112,0.00504,0.00258,0.00174,0.0022,0.00142,0.00121,0.000196,0.00104,0.000153,0.000126,0.000127,0.000131,0.000132,0.000142,0.000154,0.0000692,0.0000855,0.000103,0.000124,0.000141,0.000223,0.000285,0.00036,0.000361
Solomon Islands,0,0,0,0,0,0.00557,0.00541,0.00211,0.000537,0,0,0,0,0,0,0,0,0,0,0,0,0,0,0,0.0000051,0.000005,0,0,0,0
Somalia,0.0637,0,0.0000658,0.0000545,0.0000526,0.0000836,0.0000911,0.0000784,0.0000409,0.0000152,0.0000629,0.0000641,0.0000209,0.0000375,0.0000352,0.0000472,0.0000622,0.0000813,0.000162,0.000155,0.000161,0.00017,0.000182,0.000186,0.000203,0.000586,0.000816,0.000998,0.00112,0.00116
South Africa,0,0,0,0.00631,0.00227,0.00245,0.000536,0.000159,0.000192,0.000328,0.000335,0.000408,0.000506,0.000568,0.000585,0.000621,0.000724,0.000748,0.000875,0.00095,0.00113,0.00111,0.00123,0.00123,0.00206,0.0022,0.00162,0.00156,0.00154,0.00152
South Korea,0.0000054,0.0000037,0.0000034,0,0,0.0000001,0.0000001,0.0000001,0,0.0000001,0.0000001,0.0000001,0.0000004,0.0000005,0.0000009,0.0000014,0.000002,0.0000024,0.0000035,0.0000054,0.0000072,0.0000081,0.0000097,0.0000109,0.0000232,0.0000288,0.0000354,0.0000431,0.0000567,0.0000628
South Sudan,0,0,0,0,0,0,0,0,0,0,0,0,0,0,0,0,0,0,0,0,0,0.0107,0.02,0.0222,0.0235,0.0245,0.0242,0.026,0.0266,0.027
Spain,0.000212,0.000102,0.000102,0.000126,0.000135,0.000147,0.000143,0.000138,0.000148,0.000166,0.000171,0.000165,0.000162,0.000138,0.000131,0.000122,0.000118,0.000113,0.000101,0.0000852,0.0000814,0.0000898,0.0000958,0.0000988,0.000124,0.000138,0.000278,0.000376,0.000438,0.00124
Sri Lanka,0,0.0000009,0.0000012,0.0000011,0.0000007,0.0000009,0.0000008,0.0000014,0.0000016,0.0000011,0.0000009,0.0000009,0.0000015,0.0000016,0.0000032,0.0000054,0.0000082,0.0000092,0.0000135,0.0000125,0.000011,0.0000092,0.0000054,0.000007,0.0000246,0.0000375,0.0000287,0.0000388,0.0000377,0.000049
St. Kitts and Nevis,0,0,0,0,0,0,0,0,0,0,0,0,0,0,0,0,0,0,0,0,0,0,0,0,0.0000197,0,0,0,0.0000763,0.0000757
St. Lucia,0,0,0,0,0,0,0,0.0000199,0,0,0,0,0,0,0,0,0,0,0,0,0,0.0000114,0.0000113,0.0000282,0.0000168,0.0000056,0.0000111,0,0.000011,0.0000109
St. Vincent and the Grenadines,0,0,0,0,0,0,0,0,0,0,0,0,0,0,0,0,0,0,0,0,0,0,0,0,0,0,0,0,0,0
Sudan,0.0512,0.0349,0.0335,0.0331,0.0312,0.028,0.0159,0.0147,0.015,0.0147,0.0152,0.0125,0.0114,0.00469,0.00469,0.00476,0.0062,0.00688,0.00549,0.00551,0.00516,0.00394,0.0042,0.00431,0.00732,0.00796,0.0106,0.0222,0.0258,0.0247
Suriname,0,0,0.000124,0.000117,0.0000896,0,0,0.0000242,0,0,0,0,0,0,0,0,0,0.000002,0.0000019,0.0000019,0.0000019,0,0,0,0,0.0000018,0.0000018,0.0000508,0.0000747,0.0000894
Sweden,0.0128,0.0144,0.0151,0.0186,0.0228,0.0225,0.0216,0.0211,0.0202,0.018,0.0177,0.0165,0.0159,0.0125,0.00816,0.00829,0.00879,0.00819,0.00834,0.00874,0.0088,0.00915,0.00973,0.0119,0.0147,0.0174,0.0234,0.0243,0.0249,0.0253
Switzerland,0.00615,0.00679,0.00764,0.00824,0.0109,0.0119,0.012,0.0118,0.0115,0.0116,0.00807,0.00815,0.00749,0.0069,0.00651,0.0065,0.00651,0.00606,0.00605,0.00599,0.00625,0.00638,0.00634,0.00647,0.00763,0.00884,0.00987,0.011,0.0122,0.0128
Syria,0.0229,0.0231,0.0235,0.0261,0.0263,0.026,0.0254,0.0253,0.0251,0.024,0.0238,0.0238,0.0239,0.024,0.0245,0.025,0.0601,0.0984,0.0759,0.072,0.0703,0.0589,0.0477,0.034,0.0362,0.0323,0.0322,0.0333,0.034,0.0342
Tajikistan,0,0,0.000545,0.0000536,0.000122,0.000107,0.000199,0.000366,0.000603,0.000742,0.00247,0.00243,0.000535,0.000505,0.000275,0.00015,0.000134,0.00016,0.000249,0.000364,0.000416,0.000432,0.000285,0.000254,0.000245,0.000233,0.000315,0.000283,0.000292,0.000407
Tanzania,0.0105,0.0111,0.0108,0.0202,0.0307,0.028,0.0164,0.0183,0.017,0.019,0.0203,0.0188,0.0195,0.0179,0.0161,0.0143,0.0123,0.0107,0.00769,0.00276,0.00246,0.00287,0.00215,0.00211,0.00177,0.00411,0.00531,0.00564,0.00494,0.00417
Thailand,0.00176,0.00154,0.0011,0.00204,0.00171,0.00179,0.0018,0.00278,0.00225,0.00161,0.00167,0.00174,0.00176,0.00184,0.00186,0.00179,0.00202,0.0019,0.0017,0.00157,0.00144,0.00132,0.00125,0.002,0.0019,0.00158,0.00154,0.00151,0.00147,0.0014
Timor-Leste,0,0,0,0,0,0,0,0,0,0,0,0,0.0000011,0.0000032,0.0000031,0.000003,0.000003,0.000001,0.0000009,0.0000009,0.0000009,0,0,0,0,0,0,0,0,0
Togo,0.000921,0.000882,0.00085,0.000814,0.003,0.00257,0.00289,0.00283,0.00255,0.00253,0.00248,0.00242,0.00237,0.00233,0.00206,0.00166,0.0011,0.000224,0.00154,0.00136,0.00219,0.00292,0.00348,0.00296,0.00305,0.003,0.00166,0.00161,0.00156,0.00148
Tonga,0,0,0,0,0,0,0,0,0,0,0,0,0,0,0,0,0,0,0,0,0,0.0000193,0.0000292,0.0000295,0,0,0,0,0,0
Trinidad and Tobago,0,0,0,0,0,0,0,0,0,0,0,0,0,0,0,0,0,0.0000168,0.0000251,0.000028,0.0000218,0.0000165,0.0000134,0.0000148,0.0000609,0.0000825,0.0000791,0.000193,0.000565,0.00166
Tunisia,0.0000036,0.0000154,0.0000129,0.0000113,0.0000021,0.0000218,0.000019,0.0000539,0.0000555,0.0000472,0.0000449,0.0000099,0.0000103,0.00001,0.000009,0.0000086,0.0000091,0.0000098,0.000009,0.0000087,0.0000084,0.000381,0.000132,0.0000666,0.0000814,0.0000595,0.0000574,0.0000613,0.0000922,0.000149
Turkey,0.000519,0.000556,0.000511,0.000411,0.000433,0.00022,0.000137,0.0000405,0.0000412,0.0000452,0.0000491,0.0000541,0.0000507,0.0000377,0.0000453,0.0000353,0.0000383,0.0001,0.000158,0.000145,0.000139,0.000197,0.00358,0.00803,0.0206,0.0324,0.0359,0.0429,0.0447,0.0429
Turkmenistan,0,0,0,0.00384,0.00374,0.00554,0.00363,0.00362,0.00331,0.00413,0.00314,0.00307,0.00297,0.0029,0.00282,0.00252,0.000156,0.0000257,0.000016,0.000012,0.0000122,0.0000114,0.0000087,0.0000084,0.0000064,0.0000047,0.0000048,0.0000038,0.0000038,0.0000037
Tuvalu,0,0,0,0,0,0,0,0,0,0,0,0,0,0,0,0,0,0,0,0,0,0,0,0,0,0,0,0,0,0
Uganda,0.0084,0.00905,0.0106,0.0149,0.0145,0.0112,0.0126,0.00871,0.00918,0.00951,0.01,0.00819,0.00863,0.00889,0.00934,0.00929,0.00952,0.00776,0.00533,0.00405,0.00419,0.00417,0.00573,0.00618,0.0104,0.0125,0.0237,0.0328,0.0273,0.0307
Ukraine,0,0,0,0,0.000101,0.000102,0.000071,0.0000909,0.000123,0.0000547,0.0000604,0.0000616,0.0000618,0.0000605,0.0000521,0.00005,0.0000488,0.000157,0.000156,0.000159,0.000066,0.0000696,0.0000618,0.0000655,0.0000714,0.0000729,0.0000738,0.0000722,0.0000592,0.0000494
United Arab Emirates,0,0,0,0.000199,0.000166,0.000169,0.000183,0.000194,0.000188,0.000169,0.000179,0.000168,0.0000469,0.0000431,0.0000258,0.0000227,0.0000328,0.0000258,0.0000295,0.0000352,0.0000629,0.0000757,0.000069,0.0000656,0.0000453,0.0000716,0.0000956,0.0000921,0.000121,0.000128
United Kingdom,0.000764,0.000757,0.00113,0.00139,0.00147,0.00157,0.0017,0.00185,0.00208,0.00254,0.00316,0.00395,0.00439,0.00464,0.00499,0.00503,0.00496,0.00488,0.0047,0.00429,0.00375,0.00302,0.00232,0.00194,0.00179,0.00187,0.00179,0.00182,0.00189,0.00197
United States,0.00184,0.00202,0.00226,0.0024,0.00241,0.00235,0.00226,0.00208,0.00194,0.00187,0.0018,0.00181,0.00169,0.00156,0.00144,0.00129,0.00283,0.000935,0.000921,0.000899,0.000856,0.00085,0.000834,0.000833,0.000838,0.000851,0.000845,0.000883,0.000958,0.00104
Uruguay,0.000028,0.0000259,0.0000285,0.0000434,0.0000353,0.0000409,0.0000425,0.0000407,0.0000495,0.0000263,0.0000238,0.0000271,0.0000298,0.0000274,0.0000292,0.0000364,0.0000376,0.000042,0.0000434,0.0000502,0.0000563,0.0000516,0.0000536,0.0000599,0.00008,0.0000882,0.0000911,0.0000885,0.000113,0.000149
Uzbekistan,0,0,0,0.000366,0.000358,0.000115,0.000125,0.000134,0.0000446,0.0000415,0.00155,0.00158,0.00177,0.00174,0.0017,0.00166,0.0000528,0.0000387,0.0000297,0.0000198,0.0000109,0.0000074,0.000006,0.0000047,0.0000041,0.0000035,0.0000009,0.0000006,0.0000004,0.0000004
Vanuatu,0,0,0,0,0,0,0,0,0,0,0,0,0,0,0,0,0,0.0000046,0.0000134,0.0000174,0.0000169,0,0.000008,0.0000078,0,0,0,0,0,0
Venezuela,0.0000891,0.0000856,0.0000968,0.000106,0.000101,0.0000735,0.0000713,0.0000132,0.0000068,0.0000079,0.0000055,0.0000024,0.0000023,0.0000023,0.0000094,0.0000154,0.0000268,0.00737,0.00728,0.00718,0.00709,0.00699,0.00694,0.00686,0.00578,0.00578,0.00576,0.00418,0.00233,0.00238
Vietnam,0.000311,0.00029,0.000229,0.0000703,0.0000679,0.000459,0.000452,0.000194,0.000192,0.00019,0.000199,0.000198,0.000196,0.000187,0.0000284,0.0000281,0.0000279,0.0000276,0.0000273,0.0000271,0.0000219,0.0000111,0,0,0,0,0,0,0,0
Yemen,0.000251,0.00244,0.00461,0.00399,0.00338,0.00358,0.00346,0.00256,0.00373,0.00357,0.00348,0.00388,0.00449,0.00326,0.0034,0.00407,0.00463,0.00551,0.0064,0.00759,0.00821,0.00902,0.00969,0.0096,0.00998,0.0101,0.00993,0.00973,0.00928,0.00921
Zambia,0.0172,0.0171,0.0168,0.0163,0.0159,0.0143,0.014,0.0172,0.0171,0.0204,0.0241,0.0266,0.0225,0.0201,0.0151,0.0131,0.00988,0.00903,0.0065,0.0043,0.00352,0.00325,0.00177,0.00158,0.00166,0.00167,0.00179,0.00245,0.00287,0.00322
Zimbabwe,0.0183,0.0185,0.0218,0.00906,0.000195,0.000045,0.0000516,0.0000692,0.000141,0.000175,0.000347,0.00073,0.000789,0.00106,0.000573,0.00115,0.00029,0.000325,0.00028,0.000319,0.000349,0.000354,0.000332,0.000479,0.000447,0.000503,0.000529,0.000531,0.00054,0.000612
